rpm,speed_mps,advance_ratio,efficiency,thrust_coeff,power_coeff,power_w,torque_nm,thrust_n,thrust_per_power_n_w,mach,reynolds,figure_of_merit
1000.0,0.0,0.0,0.0,0.1342,0.0549,0.33,0.003,0.19,0.5757575757575757,0.04,17530.0,0.7143
1000.0,0.0938784,0.0225,0.0537,0.1315,0.055,0.33,0.003,0.186,0.5636363636363636,0.04,17545.0,0.6915
1000.0,0.1922272,0.0449,0.1051,0.1285,0.055,0.33,0.003,0.182,0.5515151515151515,0.04,17561.0,0.6686
1000.0,0.2861056,0.0674,0.154,0.1254,0.0549,0.329,0.003,0.178,0.5410334346504558,0.04,17578.0,0.6455
1000.0,0.379984,0.0899,0.2006,0.1221,0.0547,0.328,0.003,0.173,0.5274390243902438,0.04,17596.0,0.6222
1000.0,0.4738624,0.1124,0.2447,0.1187,0.0545,0.327,0.003,0.168,0.5137614678899083,0.04,17615.0,0.5987
1000.0,0.5722112,0.1348,0.2864,0.1151,0.0542,0.325,0.003,0.163,0.5015384615384615,0.04,17634.0,0.575
1000.0,0.6660896,0.1573,0.3257,0.1113,0.0537,0.323,0.003,0.158,0.4891640866873065,0.04,17655.0,0.5511
1000.0,0.759968,0.1798,0.3624,0.1073,0.0532,0.319,0.003,0.152,0.47648902821316613,0.04,17676.0,0.5268
1000.0,0.8583168,0.2022,0.3964,0.1031,0.0526,0.316,0.003,0.146,0.46202531645569617,0.04,17698.0,0.5021
1000.0,0.9521951999999999,0.2247,0.4277,0.0987,0.0518,0.311,0.003,0.14,0.4501607717041801,0.04,17722.0,0.4771
1000.0,1.0460736,0.2472,0.4561,0.0941,0.051,0.306,0.003,0.133,0.434640522875817,0.04,17746.0,0.4517
1000.0,1.1399519999999999,0.2697,0.4815,0.0894,0.0501,0.3,0.003,0.127,0.42333333333333334,0.04,17771.0,0.4259
1000.0,1.2383008,0.2921,0.5036,0.0845,0.049,0.294,0.003,0.12,0.40816326530612246,0.04,17797.0,0.3998
1000.0,1.3321792,0.3146,0.5221,0.0795,0.0479,0.287,0.003,0.113,0.3937282229965157,0.04,17824.0,0.3734
1000.0,1.4260576,0.3371,0.5369,0.0744,0.0467,0.28,0.003,0.105,0.37499999999999994,0.04,17853.0,0.3466
1000.0,1.519936,0.3595,0.5475,0.0691,0.0454,0.272,0.003,0.098,0.3602941176470588,0.04,17882.0,0.3194
1000.0,1.6182848,0.382,0.5536,0.0637,0.044,0.264,0.003,0.09,0.3409090909090909,0.04,17912.0,0.2919
1000.0,1.7121632,0.4045,0.5545,0.0582,0.0425,0.255,0.002,0.083,0.3254901960784314,0.04,17943.0,0.264
1000.0,1.8060416,0.427,0.5497,0.0527,0.0409,0.245,0.002,0.075,0.30612244897959184,0.04,17976.0,0.2358
1000.0,1.9043903999999998,0.4494,0.5385,0.047,0.0392,0.235,0.002,0.067,0.2851063829787234,0.04,18009.0,0.2073
1000.0,1.9982688,0.4719,0.5201,0.0413,0.0375,0.225,0.002,0.059,0.2622222222222222,0.04,18044.0,0.1787
1000.0,2.0921472,0.4944,0.4934,0.0356,0.0356,0.214,0.002,0.05,0.23364485981308414,0.04,18079.0,0.1501
1000.0,2.1860256,0.5168,0.4567,0.0298,0.0337,0.202,0.002,0.042,0.2079207920792079,0.04,18116.0,0.1217
1000.0,2.2843744,0.5393,0.4081,0.024,0.0317,0.19,0.002,0.034,0.17894736842105263,0.04,18154.0,0.0935
1000.0,2.3782528000000003,0.5618,0.345,0.0182,0.0297,0.178,0.002,0.026,0.14606741573033707,0.04,18193.0,0.0661
1000.0,2.4721312,0.5843,0.2641,0.0124,0.0275,0.165,0.002,0.018,0.10909090909090907,0.04,18234.0,0.0402
1000.0,2.57048,0.6067,0.1605,0.0067,0.0253,0.152,0.001,0.01,0.06578947368421052,0.04,18275.0,0.0173
1000.0,2.6643584,0.6292,0.0273,0.001,0.0231,0.139,0.001,0.001,0.007194244604316546,0.04,18316.0,0.0011
2000.0,0.0,0.0,0.0,0.1344,0.0539,2.586,0.012,0.762,0.2946635730858469,0.08,35060.0,0.73
2000.0,0.1832864,0.0219,0.0534,0.1317,0.0539,2.589,0.012,0.747,0.2885283893395133,0.08,35090.0,0.7072
2000.0,0.37104319999999996,0.0437,0.1045,0.1288,0.0539,2.589,0.012,0.73,0.2819621475473156,0.08,35121.0,0.6843
2000.0,0.5543296,0.0656,0.1533,0.1258,0.0539,2.585,0.012,0.713,0.2758220502901354,0.08,35153.0,0.6613
2000.0,0.7420863999999999,0.0875,0.1998,0.1227,0.0537,2.579,0.012,0.695,0.26948429623885223,0.08,35188.0,0.6381
2000.0,0.9253727999999999,0.1094,0.2439,0.1193,0.0535,2.568,0.012,0.677,0.2636292834890966,0.08,35224.0,0.6149
2000.0,1.1131296000000002,0.1312,0.2858,0.1158,0.0532,2.553,0.012,0.657,0.2573443008225617,0.08,35262.0,0.5914
2000.0,1.296416,0.1531,0.3253,0.1122,0.0528,2.534,0.012,0.636,0.2509865824782952,0.08,35301.0,0.5678
2000.0,1.4797024,0.175,0.3624,0.1083,0.0523,2.51,0.012,0.614,0.24462151394422313,0.08,35342.0,0.5439
2000.0,1.6674592,0.1968,0.3971,0.1043,0.0517,2.481,0.012,0.591,0.23821039903264812,0.08,35386.0,0.5197
2000.0,1.8507455999999998,0.2187,0.4292,0.1,0.051,2.447,0.012,0.567,0.23171230077646093,0.08,35430.0,0.4952
2000.0,2.0385023999999996,0.2406,0.4587,0.0956,0.0502,2.408,0.011,0.542,0.22508305647840535,0.08,35477.0,0.4704
2000.0,2.2217887999999997,0.2624,0.4853,0.0911,0.0493,2.364,0.011,0.516,0.21827411167512692,0.08,35526.0,0.4453
2000.0,2.4050751999999997,0.2843,0.5091,0.0864,0.0482,2.316,0.011,0.49,0.21157167530224527,0.08,35576.0,0.4199
2000.0,2.592832,0.3062,0.5297,0.0816,0.0471,2.263,0.011,0.462,0.20415377817057007,0.08,35628.0,0.3942
2000.0,2.7761184,0.3281,0.547,0.0766,0.046,2.206,0.011,0.434,0.19673617407071622,0.08,35682.0,0.3682
2000.0,2.9638752,0.3499,0.5606,0.0716,0.0447,2.145,0.01,0.406,0.1892773892773893,0.08,35738.0,0.3419
2000.0,3.1471616,0.3718,0.5702,0.0664,0.0433,2.078,0.01,0.376,0.1809432146294514,0.08,35796.0,0.3153
2000.0,3.3349184,0.3937,0.5753,0.0611,0.0418,2.007,0.01,0.346,0.17239661185849525,0.08,35856.0,0.2882
2000.0,3.5182048,0.4155,0.5755,0.0557,0.0402,1.932,0.009,0.316,0.16356107660455488,0.08,35918.0,0.2609
2000.0,3.7014911999999995,0.4374,0.5701,0.0503,0.0386,1.852,0.009,0.285,0.1538876889848812,0.08,35982.0,0.2331
2000.0,3.889248,0.4593,0.5583,0.0448,0.0368,1.767,0.008,0.254,0.14374646293152235,0.08,36048.0,0.2052
2000.0,4.072534399999999,0.4812,0.5393,0.0392,0.035,1.679,0.008,0.222,0.13222156045265038,0.08,36117.0,0.1771
2000.0,4.260291199999999,0.503,0.5117,0.0336,0.0331,1.587,0.008,0.191,0.1203528670447385,0.08,36187.0,0.1488
2000.0,4.443577599999999,0.5249,0.4737,0.028,0.031,1.491,0.007,0.159,0.10663983903420522,0.08,36259.0,0.1205
2000.0,4.6313344,0.5468,0.423,0.0224,0.029,1.391,0.007,0.127,0.09130122214234364,0.08,36334.0,0.0924
2000.0,4.8146208,0.5686,0.3563,0.0168,0.0268,1.287,0.006,0.095,0.07381507381507382,0.08,36411.0,0.0648
2000.0,4.9979072,0.5905,0.2693,0.0112,0.0246,1.181,0.006,0.064,0.05419136325148179,0.08,36490.0,0.0385
2000.0,5.185664,0.6124,0.1555,0.0057,0.0223,1.071,0.005,0.032,0.029878618113912233,0.08,36570.0,0.0153
2000.0,5.3689504,0.6342,0.0047,0.0001,0.02,0.959,0.005,0.001,0.0010427528675703858,0.08,36649.0,0.0001
3000.0,0.0,0.0,0.0,0.1346,0.0534,8.644,0.028,1.717,0.19863489125404907,0.12,52590.0,0.7384
3000.0,0.2816352,0.0223,0.0551,0.1318,0.0534,8.655,0.028,1.682,0.19433853264009243,0.12,52635.0,0.7148
3000.0,0.5677408,0.0447,0.1078,0.1289,0.0534,8.655,0.028,1.644,0.189948006932409,0.12,52682.0,0.6911
3000.0,0.8493759999999999,0.067,0.158,0.1258,0.0533,8.644,0.028,1.605,0.18567792688570106,0.12,52733.0,0.6674
3000.0,1.1354816,0.0893,0.2058,0.1226,0.0532,8.62,0.027,1.564,0.1814385150812065,0.12,52785.0,0.6435
3000.0,1.4171167999999998,0.1117,0.2511,0.1191,0.053,8.582,0.027,1.52,0.17711489163365182,0.12,52841.0,0.6195
3000.0,1.7032224,0.134,0.2941,0.1156,0.0526,8.53,0.027,1.474,0.1728018757327081,0.12,52899.0,0.5953
3000.0,1.9848576000000002,0.1563,0.3346,0.1118,0.0522,8.461,0.027,1.426,0.16853799787259188,0.12,52960.0,0.571
3000.0,2.2709632,0.1786,0.3726,0.1078,0.0517,8.375,0.027,1.375,0.16417910447761194,0.12,53024.0,0.5464
3000.0,2.5525984,0.201,0.408,0.1036,0.051,8.271,0.026,1.322,0.1598355700640793,0.12,53091.0,0.5215
3000.0,2.8342335999999997,0.2233,0.4408,0.0993,0.0503,8.148,0.026,1.267,0.15549828178694158,0.12,53160.0,0.4963
3000.0,3.1203392,0.2456,0.4709,0.0947,0.0494,8.008,0.025,1.209,0.150974025974026,0.12,53232.0,0.4708
3000.0,3.4019744000000003,0.268,0.4981,0.0901,0.0485,7.851,0.025,1.149,0.14635078333970195,0.12,53307.0,0.4451
3000.0,3.68808,0.2903,0.5222,0.0852,0.0474,7.678,0.024,1.087,0.14157332638707998,0.12,53385.0,0.419
3000.0,3.9697152000000004,0.3126,0.5431,0.0803,0.0462,7.488,0.024,1.024,0.13675213675213674,0.12,53466.0,0.3927
3000.0,4.2558207999999995,0.335,0.5604,0.0752,0.0449,7.281,0.023,0.959,0.13171267683010576,0.12,53549.0,0.366
3000.0,4.537456,0.3573,0.5739,0.07,0.0436,7.059,0.022,0.893,0.12650517070406572,0.12,53636.0,0.3391
3000.0,4.8190912,0.3796,0.5833,0.0647,0.0421,6.819,0.022,0.825,0.12098548174219093,0.12,53726.0,0.3117
3000.0,5.1051968,0.402,0.5878,0.0592,0.0405,6.562,0.021,0.756,0.11520877781164279,0.12,53819.0,0.284
3000.0,5.386832,0.4243,0.5871,0.0537,0.0388,6.289,0.02,0.685,0.10892033709651774,0.12,53915.0,0.2559
3000.0,5.6729376,0.4466,0.5803,0.0481,0.037,5.999,0.019,0.614,0.10235039173195533,0.12,54014.0,0.2274
3000.0,5.9545728,0.4689,0.5667,0.0425,0.0351,5.694,0.018,0.542,0.09518791710572533,0.12,54117.0,0.1987
3000.0,6.2406784,0.4913,0.5449,0.0368,0.0332,5.374,0.017,0.469,0.08727205061406773,0.12,54223.0,0.1697
3000.0,6.5223135999999995,0.5136,0.5133,0.0311,0.0311,5.04,0.016,0.397,0.07876984126984127,0.12,54333.0,0.1406
3000.0,6.8084192,0.5359,0.4695,0.0254,0.029,4.692,0.015,0.324,0.06905370843989769,0.12,54445.0,0.1113
3000.0,7.0900544,0.5583,0.4104,0.0197,0.0267,4.331,0.014,0.251,0.05795428307550219,0.12,54561.0,0.0822
3000.0,7.371689599999999,0.5806,0.3314,0.0139,0.0244,3.957,0.013,0.178,0.04498357341420268,0.12,54681.0,0.0538
3000.0,7.6577952,0.6029,0.2261,0.0083,0.0221,3.573,0.011,0.106,0.02966694654352085,0.12,54803.0,0.0272
3000.0,7.939430400000001,0.6253,0.0841,0.0026,0.0196,3.178,0.01,0.034,0.010698552548772814,0.12,54926.0,0.0055
4000.0,0.0,0.0,0.0,0.1348,0.0531,20.382,0.049,3.057,0.14998528113040918,0.16,70119.0,0.7441
4000.0,0.3755136,0.0223,0.0554,0.132,0.0531,20.408,0.049,2.995,0.1467561740493924,0.16,70178.0,0.7204
4000.0,0.7554976,0.0446,0.1083,0.1291,0.0531,20.409,0.049,2.928,0.14346611788916655,0.16,70242.0,0.6965
4000.0,1.1310111999999999,0.0669,0.1588,0.126,0.0531,20.383,0.049,2.858,0.14021488495314724,0.16,70309.0,0.6726
4000.0,1.5109952,0.0891,0.2068,0.1228,0.0529,20.327,0.049,2.785,0.137009888325872,0.16,70379.0,0.6486
4000.0,1.8865087999999999,0.1114,0.2524,0.1194,0.0527,20.239,0.048,2.708,0.13380107712831663,0.16,70453.0,0.6245
4000.0,2.2664928,0.1337,0.2957,0.1158,0.0524,20.114,0.048,2.626,0.13055583175897384,0.16,70530.0,0.6003
4000.0,2.6420064,0.156,0.3364,0.112,0.0519,19.951,0.048,2.541,0.12736203699062704,0.16,70612.0,0.5759
4000.0,3.0175199999999998,0.1783,0.3747,0.1081,0.0514,19.746,0.047,2.451,0.12412640534791858,0.16,70697.0,0.5513
4000.0,3.3975039999999996,0.2006,0.4105,0.1039,0.0508,19.497,0.047,2.357,0.12089039339385547,0.16,70785.0,0.5264
4000.0,3.7730175999999997,0.2229,0.4437,0.0996,0.05,19.205,0.046,2.258,0.1175735485550638,0.16,70877.0,0.5012
4000.0,4.1530016,0.2452,0.4741,0.095,0.0491,18.87,0.045,2.155,0.11420243773184947,0.16,70973.0,0.4757
4000.0,4.5285152,0.2674,0.5018,0.0904,0.0482,18.495,0.044,2.049,0.11078669910786698,0.16,71073.0,0.45
4000.0,4.9040288,0.2897,0.5264,0.0855,0.0471,18.08,0.043,1.94,0.10730088495575221,0.16,71176.0,0.424
4000.0,5.2840128,0.312,0.5478,0.0806,0.0459,17.625,0.042,1.828,0.10371631205673759,0.16,71284.0,0.3977
4000.0,5.6595264,0.3343,0.5659,0.0755,0.0446,17.13,0.041,1.712,0.09994162288382955,0.16,71395.0,0.3711
4000.0,6.0395104,0.3566,0.5802,0.0703,0.0432,16.596,0.04,1.595,0.09610749578211616,0.16,71511.0,0.3442
4000.0,6.415024,0.3789,0.5903,0.065,0.0417,16.02,0.038,1.474,0.09200998751560549,0.16,71630.0,0.3169
4000.0,6.795007999999999,0.4012,0.5959,0.0596,0.0401,15.404,0.037,1.351,0.08770449233965204,0.16,71754.0,0.2893
4000.0,7.1705216,0.4234,0.5963,0.0541,0.0384,14.746,0.035,1.226,0.0831411908314119,0.16,71882.0,0.2612
4000.0,7.5460351999999995,0.4457,0.5907,0.0485,0.0366,14.049,0.034,1.1,0.07829738771442808,0.16,72014.0,0.2328
4000.0,7.9260192,0.468,0.5784,0.0428,0.0347,13.315,0.032,0.972,0.07300037551633497,0.16,72150.0,0.2041
4000.0,8.3015328,0.4903,0.5581,0.0372,0.0327,12.545,0.03,0.843,0.06719808688720606,0.16,72291.0,0.1751
4000.0,8.6815168,0.5126,0.5281,0.0315,0.0306,11.74,0.028,0.714,0.060817717206132875,0.16,72437.0,0.1459
4000.0,9.0570304,0.5349,0.4859,0.0258,0.0284,10.901,0.026,0.585,0.05366480139436749,0.16,72587.0,0.1164
4000.0,9.432544,0.5572,0.4283,0.0201,0.0261,10.03,0.024,0.455,0.04536390827517448,0.16,72741.0,0.0869
4000.0,9.812528,0.5795,0.3506,0.0144,0.0238,9.129,0.022,0.326,0.03571037353488882,0.16,72899.0,0.0579
4000.0,10.1880416,0.6017,0.2457,0.0087,0.0214,8.201,0.02,0.198,0.02414339714668943,0.16,73062.0,0.0304
4000.0,10.5680256,0.624,0.1025,0.0031,0.0189,7.248,0.017,0.07,0.009657836644591612,0.16,73226.0,0.0073
5000.0,0.0,0.0,0.0,0.1351,0.0529,39.7,0.076,4.787,0.1205793450881612,0.2,87646.0,0.7484
5000.0,0.4738624,0.0224,0.0559,0.1323,0.053,39.751,0.076,4.688,0.11793414002163467,0.2,87721.0,0.7243
5000.0,0.9477248,0.0448,0.1093,0.1293,0.053,39.754,0.076,4.583,0.11528399657896062,0.2,87801.0,0.7003
5000.0,1.4215872,0.0672,0.1602,0.1262,0.0529,39.703,0.076,4.474,0.11268669873813061,0.2,87885.0,0.6761
5000.0,1.8954496,0.0896,0.2087,0.123,0.0528,39.591,0.076,4.358,0.11007552221464473,0.2,87974.0,0.6519
5000.0,2.369312,0.112,0.2547,0.1195,0.0525,39.415,0.075,4.236,0.10747177470506152,0.2,88067.0,0.6276
5000.0,2.8431744,0.1344,0.2983,0.1159,0.0522,39.166,0.075,4.108,0.10488689169177348,0.2,88164.0,0.6032
5000.0,3.3170368,0.1567,0.3394,0.1121,0.0518,38.84,0.074,3.974,0.10231719876416065,0.2,88267.0,0.5786
5000.0,3.7908992,0.1791,0.3781,0.1081,0.0512,38.431,0.073,3.832,0.0997111706695116,0.2,88374.0,0.5538
5000.0,4.2647616,0.2015,0.4142,0.1039,0.0506,37.935,0.072,3.684,0.09711348359035192,0.2,88485.0,0.5287
5000.0,4.738624,0.2239,0.4477,0.0996,0.0498,37.351,0.071,3.528,0.09445530240154212,0.2,88601.0,0.5033
5000.0,5.2124864,0.2463,0.4785,0.095,0.0489,36.683,0.07,3.366,0.0917591254804678,0.2,88722.0,0.4777
5000.0,5.6863488,0.2687,0.5064,0.0903,0.0479,35.933,0.069,3.199,0.08902679987754988,0.2,88848.0,0.4518
5000.0,6.1602112,0.2911,0.5314,0.0854,0.0468,35.104,0.067,3.027,0.08622948951686418,0.2,88978.0,0.4257
5000.0,6.6340736,0.3135,0.5531,0.0804,0.0456,34.195,0.065,2.85,0.08334551835063606,0.2,89113.0,0.3993
5000.0,7.1079360000000005,0.3359,0.5715,0.0753,0.0443,33.205,0.063,2.669,0.08037946092455955,0.2,89254.0,0.3726
5000.0,7.5817984,0.3583,0.5861,0.0701,0.0428,32.135,0.061,2.484,0.07729889528551424,0.2,89399.0,0.3455
5000.0,8.0556608,0.3807,0.5966,0.0647,0.0413,30.984,0.059,2.294,0.07403821327136587,0.2,89550.0,0.3181
5000.0,8.5295232,0.4031,0.6024,0.0593,0.0397,29.749,0.057,2.101,0.07062422266294666,0.2,89705.0,0.2903
5000.0,9.0033856,0.4255,0.603,0.0537,0.0379,28.433,0.054,1.904,0.06696444272500264,0.2,89866.0,0.2621
5000.0,9.477248,0.4478,0.5976,0.0481,0.036,27.037,0.052,1.705,0.06306173022154825,0.2,90033.0,0.2335
5000.0,9.9555808,0.4702,0.5854,0.0424,0.0341,25.567,0.049,1.504,0.058825830171705715,0.2,90205.0,0.2046
5000.0,10.4294432,0.4926,0.5649,0.0367,0.032,24.025,0.046,1.302,0.05419354838709678,0.2,90383.0,0.1754
5000.0,10.9033056,0.515,0.5344,0.031,0.0299,22.412,0.043,1.099,0.04903623059075495,0.2,90566.0,0.1458
5000.0,11.377168,0.5374,0.4913,0.0253,0.0276,20.732,0.04,0.895,0.043169978776770215,0.2,90755.0,0.1159
5000.0,11.8510304,0.5598,0.4318,0.0195,0.0253,18.988,0.036,0.692,0.03644406993890878,0.2,90949.0,0.086
5000.0,12.3248928,0.5822,0.3508,0.0138,0.0229,17.184,0.033,0.489,0.02845670391061452,0.2,91149.0,0.0565
5000.0,12.798755199999999,0.6046,0.2402,0.0081,0.0204,15.327,0.029,0.288,0.018790369935408103,0.2,91353.0,0.0286
5000.0,13.2726176,0.627,0.0867,0.0025,0.0179,13.417,0.026,0.088,0.006558843258552582,0.2,91559.0,0.0055
6000.0,0.0,0.0,0.0,0.1354,0.0529,68.537,0.109,6.909,0.10080686344602184,0.24,105172.0,0.7517
6000.0,0.5588,0.022,0.055,0.1326,0.0529,68.626,0.109,6.769,0.09863608544866377,0.24,105261.0,0.728
6000.0,1.1176,0.0439,0.1077,0.1298,0.053,68.632,0.109,6.622,0.09648560438279519,0.24,105355.0,0.7043
6000.0,1.6719296000000001,0.0659,0.1579,0.1267,0.0529,68.548,0.109,6.467,0.09434265040555523,0.24,105454.0,0.6806
6000.0,2.2307296,0.0879,0.2058,0.1235,0.0527,68.364,0.109,6.304,0.09221227546661985,0.24,105558.0,0.6568
6000.0,2.7895296,0.1098,0.2513,0.1202,0.0525,68.071,0.108,6.132,0.09008241395014029,0.24,105667.0,0.6329
6000.0,3.3483296,0.1318,0.2945,0.1166,0.0522,67.659,0.108,5.952,0.08797055824058883,0.24,105782.0,0.6089
6000.0,3.9071296,0.1538,0.3354,0.1129,0.0518,67.117,0.107,5.763,0.08586498204627739,0.24,105901.0,0.5847
6000.0,4.4659296,0.1758,0.3738,0.109,0.0513,66.436,0.106,5.564,0.08374977421879704,0.24,106027.0,0.5604
6000.0,5.0202592,0.1977,0.4099,0.1049,0.0506,65.61,0.104,5.355,0.08161865569272977,0.24,106157.0,0.5358
6000.0,5.5790592,0.2197,0.4434,0.1007,0.0499,64.636,0.103,5.137,0.07947583390061266,0.24,106293.0,0.511
6000.0,6.1378592,0.2417,0.4744,0.0962,0.049,63.519,0.101,4.909,0.07728396227900314,0.24,106434.0,0.4859
6000.0,6.6966592,0.2636,0.5027,0.0916,0.048,62.264,0.099,4.675,0.07508351535397662,0.24,106581.0,0.4605
6000.0,7.2554592,0.2856,0.5282,0.0869,0.047,60.873,0.097,4.433,0.07282374780280255,0.24,106733.0,0.4349
6000.0,7.8142592,0.3076,0.5508,0.082,0.0458,59.348,0.094,4.184,0.07049942710790591,0.24,106891.0,0.4091
6000.0,8.3685888,0.3295,0.5701,0.077,0.0445,57.689,0.092,3.929,0.06810657144342942,0.24,107055.0,0.383
6000.0,8.9273888,0.3515,0.5859,0.0719,0.0431,55.893,0.089,3.668,0.0656253913728016,0.24,107225.0,0.3566
6000.0,9.486188799999999,0.3735,0.598,0.0667,0.0416,53.959,0.086,3.401,0.06302933708927147,0.24,107400.0,0.3298
6000.0,10.044988799999999,0.3954,0.6058,0.0613,0.04,51.887,0.083,3.129,0.06030412241987396,0.24,107582.0,0.3027
6000.0,10.603788799999998,0.4174,0.6089,0.0559,0.0383,49.675,0.079,2.853,0.05743331655762457,0.24,107769.0,0.2752
6000.0,11.1625888,0.4394,0.6065,0.0504,0.0365,47.327,0.075,2.572,0.0543452997232024,0.24,107963.0,0.2472
6000.0,11.7169184,0.4614,0.5979,0.0448,0.0346,44.849,0.071,2.288,0.051015630225869024,0.24,108163.0,0.219
6000.0,12.2757184,0.4833,0.582,0.0393,0.0326,42.249,0.067,2.003,0.04740940613979029,0.24,108369.0,0.1903
6000.0,12.8345184,0.5053,0.5573,0.0336,0.0305,39.529,0.063,1.716,0.04341116648536517,0.24,108582.0,0.1614
6000.0,13.3933184,0.5273,0.5215,0.028,0.0283,36.693,0.058,1.429,0.0389447578557218,0.24,108802.0,0.1321
6000.0,13.9521184,0.5492,0.4717,0.0224,0.026,33.745,0.054,1.141,0.03381241665431916,0.24,109028.0,0.1025
6000.0,14.506448,0.5712,0.4035,0.0167,0.0237,30.693,0.049,0.854,0.027823933795979538,0.24,109260.0,0.0729
6000.0,15.065248,0.5932,0.3104,0.0111,0.0213,27.545,0.044,0.567,0.020584498094027952,0.24,109498.0,0.044
6000.0,15.624048,0.6151,0.1821,0.0056,0.0188,24.309,0.039,0.283,0.011641778765066434,0.24,109741.0,0.0176
6000.0,16.182848,0.6371,0.0001,0.0,0.0162,20.968,0.033,0.0,0.0,0.24,109972.0,0.0
7000.0,0.0,0.0,0.0,0.1358,0.0529,108.888,0.149,9.429,0.08659356402909411,0.28,122697.0,0.7544
7000.0,0.6526784,0.022,0.0552,0.133,0.053,109.028,0.149,9.238,0.08473052793777744,0.28,122801.0,0.7307
7000.0,1.3008864,0.0439,0.1079,0.1301,0.053,109.036,0.149,9.038,0.08289005466084597,0.28,122910.0,0.7069
7000.0,1.9535648,0.0659,0.1583,0.1271,0.0529,108.899,0.149,8.826,0.08104757619445542,0.28,123026.0,0.6831
7000.0,2.6062432,0.0879,0.2063,0.1239,0.0528,108.602,0.148,8.604,0.07922506031196477,0.28,123147.0,0.6593
7000.0,3.2544512,0.1099,0.252,0.1205,0.0525,108.129,0.148,8.37,0.07740754099270315,0.28,123275.0,0.6354
7000.0,3.9071296,0.1318,0.2954,0.117,0.0522,107.465,0.147,8.124,0.0755967059042479,0.28,123409.0,0.6113
7000.0,4.559807999999999,0.1538,0.3364,0.1132,0.0518,106.593,0.145,7.866,0.07379471447468407,0.28,123549.0,0.5872
7000.0,5.208016,0.1758,0.375,0.1093,0.0513,105.498,0.144,7.594,0.07198240724942653,0.28,123695.0,0.5628
7000.0,5.8606944,0.1978,0.4112,0.1052,0.0506,104.17,0.142,7.31,0.07017375443985792,0.28,123848.0,0.5382
7000.0,6.5133728,0.2197,0.445,0.1009,0.0499,102.605,0.14,7.012,0.06833974952487695,0.28,124007.0,0.5133
7000.0,7.161580799999999,0.2417,0.4762,0.0965,0.049,100.81,0.138,6.702,0.06648149985120523,0.28,124172.0,0.4882
7000.0,7.8142592,0.2637,0.5047,0.0919,0.048,98.793,0.135,6.381,0.06458959642889678,0.28,124343.0,0.4629
7000.0,8.4669376,0.2857,0.5305,0.0871,0.0469,96.557,0.132,6.051,0.06266764708928405,0.28,124521.0,0.4373
7000.0,9.1151456,0.3076,0.5533,0.0822,0.0457,94.106,0.128,5.712,0.060697511317025485,0.28,124706.0,0.4115
7000.0,9.767824000000001,0.3296,0.5729,0.0772,0.0444,91.438,0.125,5.364,0.058662700409020316,0.28,124897.0,0.3854
7000.0,10.420502399999998,0.3516,0.5892,0.0721,0.043,88.551,0.121,5.008,0.05655497961626633,0.28,125095.0,0.359
7000.0,11.0687104,0.3736,0.6016,0.0669,0.0415,85.442,0.117,4.644,0.054352660284169386,0.28,125300.0,0.3323
7000.0,11.7213888,0.3955,0.6099,0.0615,0.0399,82.11,0.112,4.273,0.05203994641334794,0.28,125512.0,0.3051
7000.0,12.374067199999999,0.4175,0.6134,0.0561,0.0382,78.554,0.107,3.895,0.0495837258446419,0.28,125731.0,0.2776
7000.0,13.0222752,0.4395,0.6116,0.0506,0.0363,74.778,0.102,3.512,0.04696568509454652,0.28,125957.0,0.2497
7000.0,13.6749536,0.4615,0.6036,0.045,0.0344,70.793,0.097,3.125,0.04414278247849363,0.28,126191.0,0.2214
7000.0,14.327631999999998,0.4834,0.5883,0.0394,0.0324,66.611,0.091,2.736,0.04107429703802675,0.28,126432.0,0.1927
7000.0,14.97584,0.5054,0.5642,0.0338,0.0302,62.238,0.085,2.345,0.03767794594941997,0.28,126680.0,0.1637
7000.0,15.6285184,0.5274,0.529,0.0281,0.028,57.676,0.079,1.952,0.033844233303280395,0.28,126937.0,0.1342
7000.0,16.2811968,0.5493,0.4796,0.0225,0.0257,52.935,0.072,1.56,0.029470104845565316,0.28,127200.0,0.1044
7000.0,16.9294048,0.5713,0.4116,0.0168,0.0233,48.025,0.066,1.168,0.024320666319625196,0.28,127471.0,0.0745
7000.0,17.5820832,0.5933,0.318,0.0112,0.0209,42.962,0.059,0.777,0.018085750197849262,0.28,127749.0,0.0452
7000.0,18.2302912,0.6153,0.1881,0.0056,0.0183,37.758,0.052,0.39,0.010328936914031464,0.28,128032.0,0.0183
7000.0,18.8829696,0.6372,0.0018,0.0,0.0157,32.384,0.044,0.003,9.263833992094862e-05,0.28,128302.0,0.0
8000.0,0.0,0.0,0.0,0.1362,0.053,162.821,0.194,12.354,0.0758747336031593,0.32,140219.0,0.7566
8000.0,0.7465567999999999,0.022,0.0553,0.1334,0.0531,163.027,0.195,12.105,0.07425150435203985,0.32,140338.0,0.7329
8000.0,1.4886432,0.044,0.1082,0.1305,0.0531,163.033,0.195,11.841,0.07262946765378789,0.32,140464.0,0.7091
8000.0,2.2352,0.066,0.1588,0.1275,0.053,162.82,0.194,11.564,0.0710232158211522,0.32,140597.0,0.6852
8000.0,2.9817568,0.088,0.2069,0.1243,0.0528,162.364,0.194,11.273,0.06943041560937153,0.32,140736.0,0.6613
8000.0,3.7238432,0.11,0.2527,0.1209,0.0526,161.643,0.193,10.966,0.06784085917732287,0.32,140882.0,0.6374
8000.0,4.4704,0.132,0.2962,0.1173,0.0523,160.633,0.192,10.644,0.06626284760914632,0.32,141036.0,0.6133
8000.0,5.2169568,0.154,0.3374,0.1136,0.0519,159.308,0.19,10.305,0.06468601702362718,0.32,141196.0,0.5891
8000.0,5.9590432,0.176,0.3762,0.1097,0.0513,157.646,0.188,9.949,0.06310975222967916,0.32,141364.0,0.5647
8000.0,6.7056,0.198,0.4126,0.1055,0.0507,155.633,0.186,9.575,0.06152294179255041,0.32,141539.0,0.5401
8000.0,7.452156800000001,0.22,0.4465,0.1012,0.0499,153.262,0.183,9.184,0.05992352964205086,0.32,141721.0,0.5152
8000.0,8.194243199999999,0.242,0.4779,0.0968,0.049,150.541,0.18,8.778,0.05830969636178849,0.32,141910.0,0.4901
8000.0,8.9408,0.264,0.5067,0.0921,0.048,147.484,0.176,8.357,0.05666377369748582,0.32,142107.0,0.4647
8000.0,9.6873568,0.286,0.5326,0.0873,0.0469,144.099,0.172,7.924,0.054989972171909596,0.32,142311.0,0.4391
8000.0,10.4294432,0.308,0.5557,0.0824,0.0457,140.386,0.168,7.479,0.05327454304560284,0.32,142522.0,0.4133
8000.0,11.176,0.33,0.5756,0.0774,0.0444,136.345,0.163,7.022,0.05150170523304852,0.32,142742.0,0.3872
8000.0,11.9225568,0.352,0.5922,0.0723,0.043,131.972,0.158,6.555,0.049669626890552536,0.32,142969.0,0.3608
8000.0,12.664643199999999,0.374,0.6049,0.067,0.0414,127.263,0.152,6.078,0.04775936446571274,0.32,143204.0,0.334
8000.0,13.4112,0.396,0.6135,0.0616,0.0398,122.217,0.146,5.591,0.045746500077730595,0.32,143446.0,0.3069
8000.0,14.157756800000001,0.418,0.6174,0.0562,0.038,116.832,0.139,5.096,0.0436181867981375,0.32,143697.0,0.2793
8000.0,14.8998432,0.44,0.616,0.0506,0.0362,111.115,0.133,4.593,0.04133555325563605,0.32,143956.0,0.2513
8000.0,15.6464,0.462,0.6083,0.045,0.0342,105.081,0.125,4.085,0.03887477279432057,0.32,144224.0,0.2229
8000.0,16.3929568,0.484,0.5934,0.0394,0.0321,98.75,0.118,3.575,0.03620253164556962,0.32,144500.0,0.1942
8000.0,17.1395136,0.506,0.5696,0.0338,0.03,92.128,0.11,3.062,0.0332363667940257,0.32,144785.0,0.165
8000.0,17.8816,0.528,0.5346,0.0281,0.0277,85.223,0.102,2.548,0.029898032221348698,0.32,145079.0,0.1354
8000.0,18.6281568,0.55,0.4852,0.0224,0.0254,78.046,0.093,2.033,0.026048740486379823,0.32,145381.0,0.1054
8000.0,19.3747136,0.572,0.4167,0.0167,0.023,70.616,0.084,1.519,0.021510705789056304,0.32,145691.0,0.0752
8000.0,20.1168,0.594,0.3218,0.0111,0.0205,62.953,0.075,1.007,0.01599606055311105,0.32,146010.0,0.0455
8000.0,20.863356800000002,0.616,0.1889,0.0055,0.0179,55.078,0.066,0.499,0.009059878717455245,0.32,146334.0,0.0181
8000.0,21.609913600000002,0.638,-0.0038,-0.0001,0.0153,46.937,0.056,-0.008,-0.00017044122973347255,0.32,146640.0,0.0
9000.0,0.0,0.0,0.0,0.1367,0.0531,232.494,0.247,15.692,0.06749421490447065,0.36,157739.0,0.7585
9000.0,0.8538464,0.0224,0.0564,0.1339,0.0532,232.783,0.247,15.369,0.0660228624942543,0.36,157876.0,0.7343
9000.0,1.7076928,0.0448,0.1103,0.1309,0.0532,232.773,0.247,15.028,0.0645607523209307,0.36,158021.0,0.71
9000.0,2.5615392000000003,0.0673,0.1617,0.1278,0.0531,232.433,0.247,14.669,0.06311065984606318,0.36,158174.0,0.6857
9000.0,3.4153856,0.0897,0.2107,0.1245,0.053,231.728,0.246,14.291,0.061671442380722225,0.36,158334.0,0.6614
9000.0,4.269232000000001,0.1121,0.2573,0.121,0.0527,230.624,0.245,13.893,0.0602409116137089,0.36,158503.0,0.637
9000.0,5.1275488000000005,0.1345,0.3015,0.1173,0.0524,229.085,0.243,13.474,0.05881659645982932,0.36,158680.0,0.6125
9000.0,5.981395200000001,0.1569,0.3432,0.1135,0.0519,227.072,0.241,13.033,0.0573958920518602,0.36,158866.0,0.5878
9000.0,6.8352416,0.1794,0.3825,0.1095,0.0513,224.553,0.238,12.569,0.05597342275542968,0.36,159060.0,0.563
9000.0,7.689088,0.2018,0.4193,0.1052,0.0506,221.506,0.235,12.082,0.05454479788357878,0.36,159262.0,0.5379
9000.0,8.5429344,0.2242,0.4536,0.1008,0.0498,217.925,0.231,11.572,0.05310083744407479,0.36,159472.0,0.5125
9000.0,9.3967808,0.2466,0.4852,0.0962,0.0489,213.825,0.227,11.042,0.0516403601075646,0.36,159691.0,0.4868
9000.0,10.2506272,0.269,0.5142,0.0914,0.0478,209.226,0.222,10.494,0.050156290327205984,0.36,159919.0,0.461
9000.0,11.1044736,0.2915,0.5402,0.0865,0.0467,204.137,0.217,9.93,0.04864380293626339,0.36,160155.0,0.4349
9000.0,11.95832,0.3139,0.5631,0.0814,0.0454,198.559,0.211,9.35,0.047089278249789736,0.36,160400.0,0.4085
9000.0,12.8121664,0.3363,0.5828,0.0763,0.044,192.489,0.204,8.755,0.045483118515863244,0.36,160654.0,0.3818
9000.0,13.6660128,0.3587,0.5989,0.071,0.0425,185.922,0.197,8.147,0.04381945116769398,0.36,160917.0,0.3548
9000.0,14.519859199999999,0.3812,0.611,0.0655,0.0409,178.853,0.19,7.525,0.04207365825566247,0.36,161190.0,0.3275
9000.0,15.378176,0.4036,0.6187,0.06,0.0392,171.278,0.182,6.892,0.040238676304020365,0.36,161472.0,0.2997
9000.0,16.2320224,0.426,0.6213,0.0544,0.0373,163.198,0.173,6.247,0.03827865537567862,0.36,161763.0,0.2714
9000.0,17.0858688,0.4484,0.618,0.0487,0.0353,154.629,0.164,5.594,0.03617691377425968,0.36,162064.0,0.2427
9000.0,17.939715200000002,0.4708,0.6081,0.043,0.0333,145.6,0.154,4.935,0.03389423076923077,0.36,162375.0,0.2136
9000.0,18.7935616,0.4933,0.59,0.0372,0.0311,136.133,0.144,4.274,0.031395767374552824,0.36,162696.0,0.1841
9000.0,19.647408000000002,0.5157,0.5617,0.0314,0.0289,126.235,0.134,3.609,0.028589535390343406,0.36,163027.0,0.1541
9000.0,20.5012544,0.5381,0.5205,0.0256,0.0265,115.92,0.123,2.943,0.025388198757763974,0.36,163368.0,0.1236
9000.0,21.355100800000002,0.5605,0.4622,0.0198,0.0241,105.212,0.112,2.277,0.02164201802075809,0.36,163719.0,0.0926
9000.0,22.2089472,0.5829,0.3805,0.014,0.0215,94.139,0.1,1.613,0.017134237669828658,0.36,164079.0,0.0617
9000.0,23.062793600000003,0.6054,0.2655,0.0083,0.0189,82.737,0.088,0.953,0.011518425855421396,0.36,164448.0,0.0319
9000.0,23.91664,0.6278,0.1002,0.0026,0.0162,71.017,0.075,0.297,0.0041820972443217825,0.36,164818.0,0.0065
10000.0,0.0,0.0,0.0,0.1372,0.0534,320.18,0.306,19.451,0.06075020301080642,0.4,175257.0,0.7601
10000.0,0.9343136,0.022,0.0554,0.1345,0.0534,320.56,0.306,19.059,0.05945532817569254,0.4,175406.0,0.7364
10000.0,1.8641568,0.044,0.1085,0.1315,0.0534,320.539,0.306,18.645,0.05816764886644059,0.4,175565.0,0.7126
10000.0,2.7984704,0.0661,0.1591,0.1285,0.0533,320.077,0.306,18.209,0.05688943597946744,0.4,175731.0,0.6887
10000.0,3.7283136,0.0881,0.2074,0.1252,0.0532,319.131,0.305,17.751,0.05562292600844168,0.4,175906.0,0.6648
10000.0,4.6626272,0.1101,0.2534,0.1218,0.0529,317.654,0.303,17.269,0.054364182412310245,0.4,176090.0,0.6409
10000.0,5.5924704,0.1321,0.2971,0.1182,0.0526,315.598,0.301,16.761,0.05310870157605561,0.4,176283.0,0.6169
10000.0,6.526784,0.1542,0.3385,0.1145,0.0521,312.915,0.299,16.228,0.05186072895195181,0.4,176485.0,0.5927
10000.0,7.4566272,0.1762,0.3775,0.1105,0.0516,309.56,0.296,15.667,0.05061054399793255,0.4,176696.0,0.5683
10000.0,8.3909408,0.1982,0.4142,0.1064,0.0509,305.501,0.292,15.079,0.04935826723971444,0.4,176916.0,0.5437
10000.0,9.3252544,0.2202,0.4484,0.102,0.0501,300.727,0.287,14.463,0.048093453530943346,0.4,177144.0,0.5189
10000.0,10.255097600000001,0.2423,0.4801,0.0975,0.0492,295.256,0.282,13.823,0.046816999485192516,0.4,177382.0,0.4938
10000.0,11.1894112,0.2643,0.5093,0.0928,0.0482,289.112,0.276,13.16,0.04551869171808849,0.4,177629.0,0.4685
10000.0,12.119254399999999,0.2863,0.5357,0.088,0.047,282.31,0.27,12.477,0.04419609648967447,0.4,177885.0,0.4429
10000.0,13.053568,0.3083,0.5592,0.0831,0.0458,274.855,0.262,11.776,0.04284440887013152,0.4,178151.0,0.4171
10000.0,13.9834112,0.3303,0.5797,0.078,0.0445,266.745,0.255,11.056,0.041447824701493934,0.4,178426.0,0.391
10000.0,14.917724799999998,0.3524,0.5968,0.0728,0.043,257.972,0.246,10.32,0.04000434155644799,0.4,178711.0,0.3646
10000.0,15.847568,0.3744,0.6102,0.0675,0.0414,248.529,0.237,9.568,0.038498525323000535,0.4,179005.0,0.3379
10000.0,16.7818816,0.3964,0.6195,0.0621,0.0397,238.412,0.228,8.801,0.03691508816670302,0.4,179310.0,0.3107
10000.0,17.7161952,0.4184,0.6242,0.0566,0.0379,227.62,0.217,8.021,0.03523855548721554,0.4,179624.0,0.2831
10000.0,18.6460384,0.4405,0.6236,0.051,0.036,216.165,0.206,7.229,0.03344204658478477,0.4,179949.0,0.2551
10000.0,19.580351999999998,0.4625,0.6168,0.0454,0.034,204.078,0.195,6.429,0.03150266074736131,0.4,180285.0,0.2266
10000.0,20.510195200000002,0.4845,0.6028,0.0397,0.0319,191.401,0.183,5.625,0.02938856118829055,0.4,180631.0,0.1978
10000.0,21.444508799999998,0.5065,0.5799,0.034,0.0297,178.144,0.17,4.818,0.027045536195437397,0.4,180989.0,0.1684
10000.0,22.374352,0.5286,0.5456,0.0283,0.0274,164.322,0.157,4.007,0.02438504886746753,0.4,181356.0,0.1385
10000.0,23.3086656,0.5506,0.4967,0.0225,0.025,149.959,0.143,3.196,0.021312492081168855,0.4,181735.0,0.1081
10000.0,24.238508799999998,0.5726,0.4281,0.0168,0.0225,135.092,0.129,2.386,0.017662037722441,0.4,182124.0,0.0774
10000.0,25.1728224,0.5946,0.3319,0.0111,0.02,119.764,0.114,1.579,0.01318426238268595,0.4,182523.0,0.047
10000.0,26.107136,0.6167,0.1955,0.0055,0.0173,104.015,0.099,0.779,0.007489304427246071,0.4,182928.0,0.0187
10000.0,27.036979199999998,0.6387,-0.0064,-0.0001,0.0146,87.721,0.084,-0.021,-0.00023939535573009883,0.4,183308.0,0.0
11000.0,0.0,0.0,0.0,0.1378,0.0536,428.288,0.372,23.643,0.05520350791990437,0.44,192771.0,0.7615
11000.0,1.0237216,0.022,0.0554,0.1351,0.0537,428.772,0.372,23.167,0.054031046803429336,0.44,192936.0,0.7378
11000.0,2.0474432,0.044,0.1084,0.1321,0.0537,428.717,0.372,22.665,0.05286704282778616,0.44,193110.0,0.714
11000.0,3.0756352,0.066,0.159,0.1291,0.0536,428.067,0.372,22.137,0.051713867221719965,0.44,193294.0,0.6903
11000.0,4.0993568,0.088,0.2073,0.1258,0.0534,426.765,0.37,21.581,0.05056881421859806,0.44,193487.0,0.6665
11000.0,5.123078400000001,0.11,0.2533,0.1224,0.0532,424.75,0.369,20.996,0.04943143025309005,0.44,193690.0,0.6426
11000.0,6.1468,0.132,0.297,0.1188,0.0528,421.957,0.366,20.38,0.048298760300220164,0.44,193902.0,0.6186
11000.0,7.1749920000000005,0.1541,0.3384,0.1151,0.0524,418.321,0.363,19.733,0.04717190865388063,0.44,194125.0,0.5945
11000.0,8.1987136,0.1761,0.3775,0.1111,0.0518,413.784,0.359,19.053,0.04604576300678615,0.44,194357.0,0.5702
11000.0,9.2224352,0.1981,0.4143,0.1069,0.0511,408.302,0.354,18.339,0.044915283295207956,0.44,194599.0,0.5457
11000.0,10.246156800000001,0.2201,0.4486,0.1026,0.0503,401.86,0.349,17.592,0.0437764395560643,0.44,194851.0,0.5209
11000.0,11.274348799999999,0.2421,0.4805,0.098,0.0494,394.479,0.342,16.814,0.04262330821159048,0.44,195112.0,0.4959
11000.0,12.2980704,0.2641,0.5098,0.0933,0.0484,386.194,0.335,16.01,0.04145584861494482,0.44,195384.0,0.4706
11000.0,13.321792,0.2861,0.5364,0.0885,0.0472,377.027,0.327,15.181,0.04026502080752837,0.44,195666.0,0.4451
11000.0,14.345513600000002,0.3081,0.5602,0.0835,0.0459,366.982,0.319,14.33,0.03904823669825768,0.44,195958.0,0.4193
11000.0,15.3737056,0.3301,0.581,0.0785,0.0446,356.057,0.309,13.456,0.03779170189042765,0.44,196261.0,0.3933
11000.0,16.3974272,0.3521,0.5984,0.0732,0.0431,344.244,0.299,12.563,0.03649446322956972,0.44,196575.0,0.367
11000.0,17.4211488,0.3741,0.6122,0.0679,0.0415,331.534,0.288,11.65,0.035139684014309246,0.44,196899.0,0.3403
11000.0,18.4448704,0.3961,0.6219,0.0625,0.0398,317.92,0.276,10.719,0.033716029189733265,0.44,197234.0,0.3132
11000.0,19.4730624,0.4181,0.6271,0.057,0.038,303.401,0.263,9.771,0.03220490374125333,0.44,197580.0,0.2856
11000.0,20.496784,0.4401,0.627,0.0514,0.0361,287.992,0.25,8.81,0.030591127531320313,0.44,197937.0,0.2576
11000.0,21.5205056,0.4622,0.6208,0.0457,0.034,271.737,0.236,7.839,0.028847746166329943,0.44,198306.0,0.2291
11000.0,22.544227199999998,0.4842,0.6075,0.04,0.0319,254.69,0.221,6.862,0.026942557619066318,0.44,198687.0,0.2002
11000.0,23.5724192,0.5062,0.5853,0.0343,0.0297,236.866,0.206,5.881,0.024828383980816156,0.44,199080.0,0.1708
11000.0,24.5961408,0.5282,0.5518,0.0286,0.0273,218.282,0.189,4.897,0.022434282258729534,0.44,199484.0,0.1409
11000.0,25.619862400000002,0.5502,0.5037,0.0228,0.0249,198.976,0.173,3.912,0.019660662592473465,0.44,199900.0,0.1103
11000.0,26.643584,0.5722,0.4358,0.0171,0.0224,178.993,0.155,2.928,0.01635818160486723,0.44,200328.0,0.0794
11000.0,27.671775999999998,0.5942,0.3403,0.0114,0.0198,158.392,0.138,1.948,0.012298600939441386,0.44,200766.0,0.0487
11000.0,28.6954976,0.6162,0.204,0.0057,0.0172,137.227,0.119,0.975,0.007105015776778622,0.44,201212.0,0.0199
11000.0,29.7192192,0.6382,0.0012,0.0,0.0144,115.354,0.1,0.005,4.33448341626645e-05,0.45,201632.0,0.0
12000.0,0.0,0.0,0.0,0.1385,0.0539,559.4,0.445,28.279,0.050552377547372185,0.48,210281.0,0.7627
12000.0,1.1176,0.022,0.0554,0.1358,0.054,559.994,0.446,27.71,0.04948267302863959,0.48,210462.0,0.739
12000.0,2.2396704,0.044,0.1083,0.1328,0.054,559.879,0.446,27.111,0.048422962818751906,0.48,210653.0,0.7153
12000.0,3.3572704,0.0661,0.159,0.1297,0.0539,558.978,0.445,26.479,0.0473703795140417,0.48,210854.0,0.6916
12000.0,4.4748703999999995,0.0881,0.2073,0.1265,0.0537,557.217,0.443,25.815,0.04632845013702023,0.48,211066.0,0.6678
12000.0,5.5924704,0.1101,0.2534,0.123,0.0535,554.517,0.441,25.115,0.04529166824461648,0.48,211288.0,0.644
12000.0,6.7145408,0.1321,0.2971,0.1194,0.0531,550.794,0.438,24.38,0.044263372513135585,0.48,211520.0,0.62
12000.0,7.8321407999999995,0.1542,0.3386,0.1156,0.0527,545.963,0.434,23.606,0.04323736223883304,0.48,211764.0,0.596
12000.0,8.949740799999999,0.1762,0.3778,0.1117,0.0521,539.945,0.43,22.792,0.04221170674790951,0.48,212018.0,0.5717
12000.0,10.0673408,0.1982,0.4147,0.1075,0.0514,532.686,0.424,21.938,0.04118373676049304,0.48,212283.0,0.5472
12000.0,11.1894112,0.2202,0.4491,0.1031,0.0505,524.165,0.417,21.044,0.040147663426592775,0.48,212559.0,0.5225
12000.0,12.3070112,0.2422,0.4812,0.0985,0.0496,514.409,0.409,20.113,0.03909923815485343,0.48,212845.0,0.4975
12000.0,13.424611200000001,0.2643,0.5107,0.0938,0.0486,503.465,0.401,19.15,0.038036407694675894,0.48,213142.0,0.4722
12000.0,14.5422112,0.2863,0.5375,0.089,0.0474,491.361,0.391,18.158,0.03695449984838032,0.48,213451.0,0.4468
12000.0,15.664281599999999,0.3083,0.5615,0.084,0.0461,478.106,0.38,17.139,0.03584769904581829,0.48,213771.0,0.421
12000.0,16.7818816,0.3303,0.5824,0.0788,0.0447,463.696,0.369,16.094,0.034708084607156416,0.48,214102.0,0.395
12000.0,17.899481599999998,0.3524,0.6001,0.0736,0.0432,448.122,0.357,15.024,0.03352658427838847,0.48,214445.0,0.3687
12000.0,19.0170816,0.3744,0.6142,0.0683,0.0416,431.371,0.343,13.932,0.03229702506659001,0.48,214799.0,0.342
12000.0,20.139152,0.3964,0.6243,0.0628,0.0399,413.434,0.329,12.817,0.031001320646100707,0.48,215166.0,0.3149
12000.0,21.256752,0.4184,0.6298,0.0572,0.038,394.311,0.314,11.683,0.029628896987403345,0.48,215544.0,0.2873
12000.0,22.374352,0.4405,0.63,0.0516,0.0361,374.024,0.298,10.532,0.02815862083716553,0.48,215935.0,0.2593
12000.0,23.491951999999998,0.4625,0.6243,0.0459,0.034,352.628,0.281,9.37,0.026571911476116473,0.48,216338.0,0.2307
12000.0,24.6140224,0.4845,0.6113,0.0402,0.0318,330.194,0.263,8.201,0.024836914056584915,0.48,216754.0,0.2018
12000.0,25.7316224,0.5065,0.5895,0.0344,0.0296,306.743,0.244,7.027,0.022908428228191027,0.48,217184.0,0.1723
12000.0,26.849222400000002,0.5285,0.5563,0.0287,0.0272,282.3,0.225,5.849,0.020719093163301453,0.48,217626.0,0.1422
12000.0,27.9668224,0.5506,0.5083,0.0229,0.0248,256.909,0.204,4.669,0.018173750238411265,0.48,218080.0,0.1114
12000.0,29.088892799999996,0.5726,0.4403,0.0171,0.0222,230.635,0.184,3.491,0.015136471047325862,0.48,218547.0,0.0802
12000.0,30.206492799999996,0.5946,0.344,0.0114,0.0196,203.553,0.162,2.318,0.011387697552971462,0.48,219026.0,0.0492
12000.0,31.324092799999995,0.6166,0.2057,0.0057,0.0169,175.736,0.14,1.154,0.0065666681840943235,0.49,219513.0,0.02
12000.0,32.4416928,0.6387,-0.002,0.0,0.0142,146.972,0.117,-0.009,-6.12361538252184e-05,0.49,219969.0,0.0
13000.0,0.0,0.0,0.0,0.1393,0.0543,716.297,0.526,33.374,0.04659240510570336,0.52,227787.0,0.7636
13000.0,1.2114784,0.022,0.0553,0.1365,0.0544,717.006,0.527,32.704,0.04561189167175728,0.52,227984.0,0.74
13000.0,2.4274272,0.0441,0.1083,0.1336,0.0544,716.793,0.527,31.998,0.04464050290669691,0.52,228192.0,0.7164
13000.0,3.6389056,0.0661,0.1589,0.1305,0.0543,715.566,0.526,31.253,0.043675915289435215,0.52,228411.0,0.6927
13000.0,4.850384,0.0881,0.2072,0.1272,0.0541,713.228,0.524,30.47,0.042721261644242794,0.52,228641.0,0.669
13000.0,6.0618624,0.1102,0.2533,0.1237,0.0538,709.678,0.521,29.645,0.041772465822527964,0.52,228882.0,0.6452
13000.0,7.2778112,0.1322,0.2971,0.1201,0.0535,704.806,0.518,28.777,0.04082967511627313,0.52,229135.0,0.6214
13000.0,8.4892896,0.1543,0.3386,0.1163,0.053,698.508,0.513,27.864,0.03989073854558573,0.52,229400.0,0.5974
13000.0,9.700768,0.1763,0.3779,0.1123,0.0524,690.681,0.507,26.903,0.03895141172263317,0.52,229677.0,0.5732
13000.0,10.916716800000001,0.1983,0.4149,0.1081,0.0517,681.254,0.5,25.895,0.03801078599171528,0.52,229965.0,0.5488
13000.0,12.128195199999999,0.2204,0.4495,0.1037,0.0508,670.202,0.492,24.84,0.037063452511332404,0.52,230265.0,0.5241
13000.0,13.3396736,0.2424,0.4816,0.0991,0.0499,657.559,0.483,23.741,0.03610474497345485,0.52,230576.0,0.4991
13000.0,14.551151999999998,0.2644,0.5113,0.0944,0.0488,643.386,0.473,22.605,0.035134429409405865,0.52,230899.0,0.4739
13000.0,15.767100800000001,0.2865,0.5383,0.0895,0.0476,627.722,0.461,21.433,0.03414409563469179,0.52,231234.0,0.4485
13000.0,16.9785792,0.3085,0.5625,0.0844,0.0463,610.577,0.449,20.229,0.033130956455942495,0.52,231582.0,0.4228
13000.0,18.1900576,0.3305,0.5837,0.0793,0.0449,591.949,0.435,18.995,0.032088913065145816,0.52,231942.0,0.3968
13000.0,19.4060064,0.3526,0.6017,0.074,0.0434,571.825,0.42,17.732,0.031009487168277006,0.52,232314.0,0.3705
13000.0,20.6174848,0.3746,0.6161,0.0686,0.0417,550.19,0.404,16.441,0.02988240426034642,0.52,232699.0,0.3438
13000.0,21.8289632,0.3967,0.6265,0.0631,0.04,527.035,0.387,15.125,0.02869828379519387,0.52,233097.0,0.3166
13000.0,23.040441599999998,0.4187,0.6323,0.0575,0.0381,502.357,0.369,13.786,0.02744263541664593,0.52,233508.0,0.2891
13000.0,24.256390399999997,0.4407,0.6329,0.0519,0.0361,476.186,0.35,12.426,0.02609484529154574,0.52,233932.0,0.261
13000.0,25.467868799999998,0.4628,0.6276,0.0461,0.034,448.594,0.33,11.054,0.024641435239882836,0.52,234370.0,0.2324
13000.0,26.6793472,0.4848,0.615,0.0404,0.0318,419.673,0.308,9.674,0.023051280401646043,0.52,234822.0,0.2034
13000.0,27.8908256,0.5068,0.5935,0.0346,0.0295,389.448,0.286,8.287,0.021278835685380335,0.52,235288.0,0.1738
13000.0,29.1067744,0.5289,0.5607,0.0288,0.0272,357.95,0.263,6.896,0.019265260511244588,0.52,235767.0,0.1435
13000.0,30.318252799999996,0.5509,0.5129,0.023,0.0247,325.241,0.239,5.502,0.01691668639562663,0.52,236261.0,0.1126
13000.0,31.5297312,0.5729,0.4448,0.0172,0.0221,291.401,0.214,4.111,0.014107707248774025,0.52,236767.0,0.0811
13000.0,32.74568,0.595,0.3479,0.0114,0.0195,256.529,0.188,2.725,0.010622580682885756,0.52,237287.0,0.0498
13000.0,33.9571584,0.617,0.2077,0.0056,0.0167,220.718,0.162,1.35,0.006116401924627806,0.53,237815.0,0.0202
13000.0,35.1686368,0.6391,-0.0048,-0.0001,0.0139,183.668,0.135,-0.025,-0.00013611516431822636,0.53,238306.0,0.0
14000.0,0.0,0.0,0.0,0.1402,0.0548,902.021,0.615,38.945,0.043175269755360464,0.56,245289.0,0.7644
14000.0,1.3053568,0.0221,0.0552,0.1374,0.0548,902.834,0.616,38.165,0.0422724443253134,0.56,245501.0,0.7409
14000.0,2.6151839999999997,0.0441,0.1081,0.1344,0.0548,902.478,0.616,37.342,0.041377185925861905,0.56,245726.0,0.7173
14000.0,3.9205408,0.0662,0.1587,0.1313,0.0547,900.83,0.614,36.475,0.040490436597360215,0.56,245963.0,0.6938
14000.0,5.2258976,0.0882,0.2071,0.128,0.0545,897.771,0.612,35.561,0.0396103237908108,0.56,246212.0,0.6701
14000.0,6.5357248,0.1103,0.2531,0.1245,0.0542,893.172,0.609,34.599,0.038737219706842574,0.56,246473.0,0.6464
14000.0,7.8410816,0.1323,0.2969,0.1209,0.0539,886.897,0.605,33.587,0.037870237468386976,0.56,246747.0,0.6227
14000.0,9.146438400000001,0.1544,0.3385,0.1171,0.0534,878.815,0.599,32.522,0.037006651001632876,0.56,247034.0,0.5987
14000.0,10.4562656,0.1764,0.3779,0.113,0.0528,868.794,0.593,31.401,0.03614320540887713,0.56,247333.0,0.5746
14000.0,11.761622399999998,0.1985,0.4149,0.1088,0.052,856.747,0.584,30.225,0.035278792922531395,0.56,247644.0,0.5502
14000.0,13.0669792,0.2205,0.4497,0.1044,0.0512,842.642,0.575,28.993,0.034407257174458424,0.56,247968.0,0.5256
14000.0,14.376806399999998,0.2426,0.482,0.0997,0.0502,826.524,0.564,27.711,0.03352715710614573,0.56,248305.0,0.5007
14000.0,15.6821632,0.2646,0.5118,0.095,0.0491,808.469,0.551,26.383,0.032633285877380576,0.56,248654.0,0.4755
14000.0,16.98752,0.2867,0.539,0.09,0.0479,788.528,0.538,25.016,0.03172493557616216,0.56,249016.0,0.4502
14000.0,18.2973472,0.3087,0.5634,0.085,0.0466,766.717,0.523,23.61,0.030793630505127706,0.56,249392.0,0.4245
14000.0,19.602704,0.3308,0.5849,0.0798,0.0451,743.033,0.507,22.169,0.029835821558396463,0.56,249780.0,0.3985
14000.0,20.9080608,0.3528,0.6031,0.0745,0.0436,717.463,0.489,20.694,0.028843299236336925,0.56,250183.0,0.3722
14000.0,22.217888000000002,0.3749,0.6178,0.0691,0.0419,689.988,0.471,19.187,0.027807729989507063,0.56,250598.0,0.3456
14000.0,23.523244799999997,0.3969,0.6285,0.0635,0.0401,660.594,0.451,17.65,0.026718377702491997,0.56,251028.0,0.3184
14000.0,24.8286016,0.419,0.6347,0.0579,0.0382,629.285,0.429,16.085,0.025560755460562388,0.56,251472.0,0.2908
14000.0,26.1384288,0.441,0.6357,0.0522,0.0362,596.093,0.407,14.498,0.02432170818982944,0.56,251930.0,0.2627
14000.0,27.4437856,0.4631,0.6307,0.0464,0.0341,561.115,0.383,12.895,0.02298102884435454,0.56,252402.0,0.2341
14000.0,28.7491424,0.4851,0.6186,0.0406,0.0319,524.461,0.358,11.283,0.021513515780963693,0.56,252890.0,0.205
14000.0,30.058969599999998,0.5072,0.5975,0.0348,0.0295,486.167,0.332,9.664,0.019877943175904578,0.56,253392.0,0.1753
14000.0,31.3643264,0.5292,0.565,0.0289,0.0271,446.272,0.304,8.038,0.018011436971174532,0.56,253910.0,0.1449
14000.0,32.6696832,0.5513,0.5174,0.0231,0.0246,404.854,0.276,6.411,0.015835338171291378,0.56,254442.0,0.1137
14000.0,33.9795104,0.5733,0.4491,0.0172,0.022,362.016,0.247,4.785,0.013217647838769556,0.56,254989.0,0.082
14000.0,35.2848672,0.5954,0.3515,0.0114,0.0193,317.882,0.217,3.167,0.00996281639098785,0.57,255549.0,0.0503
14000.0,36.590224,0.6174,0.2094,0.0056,0.0166,272.572,0.186,1.56,0.005723258441806202,0.57,256118.0,0.0203
14000.0,37.9000512,0.6395,-0.008,-0.0002,0.0137,225.664,0.154,-0.048,-0.00021270561542824734,0.57,256643.0,0.0
15000.0,0.0,0.0,0.0,0.1411,0.0553,1119.915,0.713,45.012,0.040192336025501936,0.59,262784.0,0.765
15000.0,1.4037056,0.0221,0.0552,0.1383,0.0553,1120.819,0.714,44.112,0.039356934527341174,0.6,263013.0,0.7416
15000.0,2.8029407999999996,0.0441,0.108,0.1353,0.0553,1120.25,0.713,43.162,0.03852889979915197,0.6,263255.0,0.7181
15000.0,4.2066464,0.0662,0.1586,0.1322,0.0552,1118.065,0.712,42.161,0.03770889885650655,0.6,263511.0,0.6946
15000.0,5.605881599999999,0.0883,0.2069,0.1289,0.055,1114.108,0.709,41.106,0.03689588442054092,0.6,263779.0,0.6711
15000.0,7.0095871999999995,0.1104,0.2529,0.1254,0.0547,1108.22,0.706,39.995,0.03608940463084947,0.6,264060.0,0.6475
15000.0,8.4088224,0.1324,0.2968,0.1217,0.0543,1100.24,0.7,38.826,0.035288664291427324,0.6,264355.0,0.6238
15000.0,9.812528,0.1545,0.3384,0.1179,0.0538,1089.99,0.694,37.594,0.03449022468096038,0.6,264664.0,0.6
15000.0,11.211763199999998,0.1766,0.3778,0.1138,0.0532,1077.321,0.686,36.299,0.0336937644397538,0.6,264986.0,0.5759
15000.0,12.615468799999999,0.1987,0.415,0.1095,0.0524,1062.122,0.676,34.939,0.03289546775229211,0.6,265321.0,0.5516
15000.0,14.014704,0.2207,0.4498,0.1051,0.0516,1044.349,0.665,33.514,0.03209080489376636,0.6,265670.0,0.5271
15000.0,15.4184096,0.2428,0.4822,0.1004,0.0506,1024.063,0.652,32.031,0.0312783490859449,0.6,266032.0,0.5022
15000.0,16.8176448,0.2649,0.5122,0.0956,0.0494,1001.362,0.637,30.495,0.03045352230262383,0.6,266408.0,0.4771
15000.0,18.2213504,0.2869,0.5396,0.0907,0.0482,976.308,0.622,28.913,0.02961462980944538,0.6,266798.0,0.4518
15000.0,19.625056,0.309,0.5642,0.0856,0.0469,948.926,0.604,27.286,0.028754613109979073,0.6,267202.0,0.4261
15000.0,21.0242912,0.3311,0.586,0.0803,0.0454,919.214,0.585,25.618,0.027869462388518885,0.6,267620.0,0.4002
15000.0,22.4279968,0.3532,0.6045,0.075,0.0438,887.156,0.565,23.912,0.026953545937805752,0.6,268052.0,0.3739
15000.0,23.827232,0.3752,0.6194,0.0695,0.0421,852.73,0.543,22.168,0.02599650534166735,0.6,268500.0,0.3472
15000.0,25.230937599999997,0.3973,0.6304,0.0639,0.0403,815.922,0.519,20.389,0.02498890825348501,0.6,268962.0,0.3201
15000.0,26.6301728,0.4194,0.637,0.0583,0.0384,776.735,0.494,18.578,0.023918067294508422,0.6,269438.0,0.2925
15000.0,28.0338784,0.4415,0.6383,0.0525,0.0363,735.213,0.468,16.742,0.022771632166460606,0.6,269931.0,0.2643
15000.0,29.433113600000002,0.4635,0.6337,0.0467,0.0341,691.475,0.44,14.887,0.02152933945551177,0.6,270438.0,0.2357
15000.0,30.8368192,0.4856,0.6219,0.0408,0.0319,645.662,0.411,13.022,0.020168447268075245,0.6,270962.0,0.2065
15000.0,32.2360544,0.5077,0.6011,0.035,0.0295,597.815,0.381,11.147,0.018646236712026296,0.6,271502.0,0.1766
15000.0,33.63976,0.5297,0.5688,0.0291,0.0271,547.984,0.349,9.266,0.016909252824899995,0.6,272058.0,0.146
15000.0,35.038995199999995,0.5518,0.5212,0.0231,0.0245,496.267,0.316,7.382,0.014875057176882605,0.6,272630.0,0.1147
15000.0,36.4427008,0.5739,0.4527,0.0172,0.0219,442.798,0.282,5.5,0.01242101364504808,0.6,273217.0,0.0826
15000.0,37.841936000000004,0.596,0.354,0.0114,0.0191,387.744,0.247,3.627,0.009354109928200047,0.61,273818.0,0.0505
15000.0,39.2456416,0.618,0.2093,0.0055,0.0164,331.266,0.211,1.767,0.005334081976417742,0.61,274429.0,0.0201
15000.0,40.6493472,0.6401,-0.0145,-0.0003,0.0135,272.767,0.174,-0.097,-0.0003556148654346017,0.61,274984.0,0.0
16000.0,0.0,0.0,0.0,0.1422,0.0559,1373.716,0.82,51.598,0.03756089322683874,0.63,280273.0,0.7654
16000.0,1.519936,0.0224,0.0559,0.1393,0.0559,1374.686,0.82,50.552,0.03677348863667776,0.63,280523.0,0.7418
16000.0,3.039872,0.0449,0.1094,0.1363,0.0559,1373.76,0.82,49.447,0.035993914511996274,0.63,280787.0,0.7181
16000.0,4.559807999999999,0.0673,0.1606,0.133,0.0558,1370.763,0.818,48.281,0.035221989505115035,0.63,281066.0,0.6943
16000.0,6.079744,0.0898,0.2095,0.1297,0.0556,1365.494,0.815,47.051,0.03445712687130079,0.63,281359.0,0.6705
16000.0,7.59968,0.1122,0.2561,0.1261,0.0552,1357.748,0.81,45.754,0.03369844772373076,0.64,281666.0,0.6467
16000.0,9.119615999999999,0.1346,0.3004,0.1223,0.0548,1347.309,0.804,44.387,0.03294492948536676,0.64,281989.0,0.6227
16000.0,10.639552,0.1571,0.3425,0.1184,0.0543,1333.964,0.796,42.947,0.03219502175471003,0.64,282327.0,0.5986
16000.0,12.159488,0.1795,0.3823,0.1142,0.0536,1317.518,0.786,41.43,0.03144549068779326,0.64,282679.0,0.5742
16000.0,13.679424000000001,0.2019,0.4198,0.1098,0.0528,1297.836,0.775,39.836,0.030694170912195375,0.64,283046.0,0.5496
16000.0,15.19936,0.2244,0.455,0.1052,0.0519,1274.887,0.761,38.166,0.029936770866751325,0.64,283428.0,0.5247
16000.0,16.719296,0.2468,0.4877,0.1004,0.0508,1248.761,0.745,36.427,0.029170513813291735,0.64,283825.0,0.4995
16000.0,18.239231999999998,0.2693,0.5178,0.0954,0.0496,1219.585,0.728,34.628,0.02839326492208415,0.64,284237.0,0.474
16000.0,19.759168000000003,0.2917,0.5453,0.0903,0.0483,1187.432,0.709,32.773,0.02759989624669034,0.64,284664.0,0.4483
16000.0,21.2746336,0.3141,0.5699,0.0851,0.0469,1152.329,0.688,30.868,0.026787488642566488,0.64,285106.0,0.4222
16000.0,22.7945696,0.3366,0.5915,0.0797,0.0453,1114.274,0.665,28.914,0.025948734332848118,0.64,285565.0,0.3958
16000.0,24.3145056,0.359,0.6098,0.0742,0.0437,1073.242,0.641,26.914,0.025077289185477275,0.64,286039.0,0.3691
16000.0,25.834441599999998,0.3814,0.6243,0.0685,0.0419,1029.211,0.614,24.87,0.024164141269380136,0.64,286529.0,0.3419
16000.0,27.3543776,0.4039,0.6347,0.0628,0.04,982.168,0.586,22.787,0.023200715152601182,0.64,287036.0,0.3142
16000.0,28.8743136,0.4263,0.6402,0.057,0.0379,932.127,0.556,20.667,0.022171871429536964,0.64,287558.0,0.286
16000.0,30.3942496,0.4488,0.6402,0.051,0.0358,879.174,0.525,18.519,0.021064089702379732,0.64,288098.0,0.2572
16000.0,31.9141856,0.4712,0.6337,0.0451,0.0335,823.493,0.491,16.352,0.019856877957675413,0.64,288656.0,0.2278
16000.0,33.434121600000005,0.4936,0.6193,0.0391,0.0311,765.237,0.457,14.174,0.018522366273455153,0.64,289231.0,0.1978
16000.0,34.9540576,0.5161,0.5947,0.033,0.0287,704.464,0.42,11.986,0.017014354175656953,0.64,289823.0,0.1671
16000.0,36.4739936,0.5385,0.5568,0.027,0.0261,641.291,0.383,9.79,0.015266080453335535,0.64,290433.0,0.1355
16000.0,37.993929599999994,0.5609,0.501,0.0209,0.0234,575.9,0.344,7.594,0.01318631706893558,0.64,291060.0,0.1031
16000.0,39.5138656,0.5834,0.4198,0.0149,0.0207,508.522,0.304,5.402,0.010622942566889929,0.65,291704.0,0.0701
16000.0,41.033801600000004,0.6058,0.301,0.0089,0.0179,439.427,0.262,3.223,0.00733455158649787,0.65,292362.0,0.0374
16000.0,42.5537376,0.6283,0.1222,0.0029,0.015,368.774,0.22,1.059,0.002871677504379376,0.65,293022.0,0.0084
17000.0,0.0,0.0,0.0,0.1434,0.0566,1667.685,0.937,58.729,0.035215883095428696,0.67,297755.0,0.7656
17000.0,1.586992,0.0221,0.0548,0.1405,0.0566,1668.661,0.937,57.565,0.03449772002821424,0.67,298017.0,0.7426
17000.0,3.173984,0.0441,0.1072,0.1375,0.0566,1667.401,0.937,56.334,0.033785514102486446,0.67,298294.0,0.7194
17000.0,4.760976,0.0662,0.1575,0.1343,0.0564,1663.69,0.935,55.037,0.03308128317174473,0.67,298586.0,0.6963
17000.0,6.347968,0.0882,0.2056,0.131,0.0562,1657.311,0.931,53.669,0.03238317974115902,0.67,298892.0,0.673
17000.0,7.93496,0.1103,0.2515,0.1275,0.0559,1648.022,0.926,52.227,0.031690717721001294,0.67,299214.0,0.6497
17000.0,9.521952,0.1323,0.2952,0.1238,0.0555,1635.579,0.919,50.709,0.031003699607295033,0.67,299551.0,0.6264
17000.0,11.108944000000001,0.1544,0.3368,0.1199,0.0549,1619.736,0.91,49.11,0.030319755812058258,0.68,299904.0,0.6028
17000.0,12.695936,0.1764,0.3763,0.1158,0.0543,1600.26,0.899,47.427,0.02963705897791609,0.68,300271.0,0.579
17000.0,14.282928,0.1985,0.4135,0.1115,0.0535,1576.991,0.886,45.658,0.028952606577970327,0.68,300654.0,0.555
17000.0,15.86992,0.2205,0.4486,0.1069,0.0526,1549.874,0.871,43.805,0.028263587878756595,0.68,301052.0,0.5307
17000.0,17.456912,0.2426,0.4813,0.1022,0.0515,1518.99,0.853,41.874,0.027567001757746925,0.68,301465.0,0.5061
17000.0,19.043904,0.2646,0.5116,0.0973,0.0504,1484.5,0.834,39.875,0.02686089592455372,0.68,301894.0,0.4812
17000.0,20.630896,0.2867,0.5393,0.0923,0.0491,1446.5,0.813,37.814,0.02614172139647425,0.68,302338.0,0.4561
17000.0,22.217888000000002,0.3087,0.5645,0.0871,0.0477,1405.042,0.789,35.695,0.025404934514413093,0.68,302798.0,0.4306
17000.0,23.80488,0.3308,0.5867,0.0818,0.0461,1360.128,0.764,33.522,0.024646209768492376,0.68,303274.0,0.4048
17000.0,25.391872,0.3528,0.6059,0.0764,0.0445,1311.743,0.737,31.299,0.02386061903894284,0.68,303766.0,0.3787
17000.0,26.978864,0.3749,0.6216,0.0709,0.0427,1259.869,0.708,29.026,0.023038903251052293,0.68,304274.0,0.3521
17000.0,28.565856,0.397,0.6335,0.0652,0.0409,1204.495,0.677,26.709,0.022174438250055006,0.68,304799.0,0.3251
17000.0,30.152848000000002,0.419,0.6409,0.0594,0.0389,1145.651,0.644,24.349,0.021253418362136463,0.68,305341.0,0.2975
17000.0,31.73984,0.4411,0.6432,0.0536,0.0367,1083.433,0.609,21.955,0.020264289531516946,0.68,305900.0,0.2694
17000.0,33.326831999999996,0.4631,0.6396,0.0477,0.0345,1018.05,0.572,19.536,0.019189627228525123,0.68,306476.0,0.2406
17000.0,34.913824,0.4852,0.6287,0.0417,0.0322,949.769,0.534,17.103,0.01800753656941846,0.68,307071.0,0.2113
17000.0,36.500816,0.5072,0.6089,0.0358,0.0298,878.719,0.494,14.657,0.01667996253637397,0.68,307684.0,0.1812
17000.0,38.087808,0.5293,0.5773,0.0298,0.0273,805.052,0.452,12.202,0.015156784903335436,0.68,308314.0,0.1502
17000.0,39.6748,0.5513,0.5302,0.0238,0.0247,729.011,0.41,9.741,0.01336193829722734,0.68,308962.0,0.1183
17000.0,41.261792,0.5734,0.4617,0.0178,0.0221,650.905,0.366,7.283,0.011189036802605605,0.69,309627.0,0.0857
17000.0,42.848783999999995,0.5954,0.3626,0.0118,0.0194,571.099,0.321,4.833,0.008462630822326777,0.69,310309.0,0.0528
17000.0,44.435776000000004,0.6175,0.2176,0.0059,0.0166,489.962,0.275,2.399,0.004896298080259286,0.69,311001.0,0.0215
17000.0,46.027238399999995,0.6395,-0.0043,-0.0001,0.0138,406.796,0.229,-0.038,-9.341291458126433e-05,0.69,311640.0,0.0
18000.0,0.0,0.0,0.0,0.1447,0.0573,2006.762,1.065,66.439,0.03310756332838672,0.71,315227.0,0.7656
18000.0,1.6987519999999998,0.0223,0.0551,0.1418,0.0574,2007.673,1.065,65.113,0.03243207434676862,0.71,315510.0,0.7425
18000.0,3.3975039999999996,0.0446,0.1079,0.1387,0.0573,2005.789,1.064,63.71,0.03176306181756905,0.71,315808.0,0.7193
18000.0,5.096256,0.0669,0.1585,0.1355,0.0572,2000.857,1.061,62.229,0.031101173147306378,0.71,316123.0,0.696
18000.0,6.795007999999999,0.0892,0.2069,0.1321,0.0569,1992.601,1.057,60.666,0.03044563362158304,0.71,316454.0,0.6728
18000.0,8.49376,0.1115,0.2531,0.1285,0.0566,1980.739,1.051,59.018,0.029795949895468306,0.71,316801.0,0.6494
18000.0,10.192512,0.1338,0.2971,0.1247,0.0561,1964.956,1.042,57.28,0.02915077996657432,0.71,317165.0,0.6259
18000.0,11.891264,0.1561,0.339,0.1207,0.0556,1944.951,1.032,55.448,0.02850868736538864,0.71,317545.0,0.6023
18000.0,13.590015999999999,0.1784,0.3787,0.1165,0.0549,1920.437,1.019,53.519,0.027868136262736033,0.72,317942.0,0.5784
18000.0,15.288768000000001,0.2006,0.4163,0.1121,0.054,1891.23,1.003,51.489,0.02722513919512698,0.72,318355.0,0.5542
18000.0,16.98752,0.2229,0.4515,0.1075,0.0531,1857.271,0.985,49.362,0.02657770459992107,0.72,318785.0,0.5298
18000.0,18.686272,0.2452,0.4844,0.1027,0.052,1818.69,0.965,47.146,0.0259230545062655,0.72,319231.0,0.505
18000.0,20.385024,0.2675,0.5149,0.0977,0.0507,1775.693,0.942,44.851,0.025258307601595545,0.72,319694.0,0.4799
18000.0,22.083776,0.2898,0.5428,0.0925,0.0494,1728.413,0.917,42.485,0.02458035203391782,0.72,320173.0,0.4545
18000.0,23.782528,0.3121,0.5681,0.0872,0.0479,1676.924,0.89,40.054,0.02388539969611026,0.72,320670.0,0.4289
18000.0,25.481279999999998,0.3344,0.5903,0.0818,0.0463,1621.258,0.86,37.56,0.023167194857326844,0.72,321184.0,0.4028
18000.0,27.180031999999997,0.3567,0.6094,0.0762,0.0446,1561.437,0.828,35.007,0.022419732592477315,0.72,321715.0,0.3763
18000.0,28.878783999999996,0.379,0.6248,0.0705,0.0428,1497.476,0.794,32.398,0.02163507127994038,0.72,322264.0,0.3494
18000.0,30.577536000000002,0.4013,0.6361,0.0647,0.0408,1429.427,0.758,29.737,0.020803440819293327,0.72,322831.0,0.3218
18000.0,32.276288,0.4236,0.6427,0.0589,0.0388,1357.384,0.72,27.029,0.01991256711439062,0.72,323416.0,0.2937
18000.0,33.97504,0.4459,0.6438,0.0529,0.0366,1281.549,0.68,24.282,0.018947383205792364,0.72,324019.0,0.2649
18000.0,35.673792,0.4682,0.6383,0.0468,0.0344,1202.289,0.638,21.51,0.017890873159448355,0.72,324642.0,0.2354
18000.0,37.372544,0.4905,0.6247,0.0408,0.032,1119.981,0.594,18.721,0.016715462137304116,0.72,325284.0,0.2052
18000.0,39.071296000000004,0.5128,0.601,0.0347,0.0296,1034.854,0.549,15.917,0.015380913636126448,0.72,325945.0,0.1741
18000.0,40.770048,0.5351,0.5639,0.0285,0.0271,947.225,0.503,13.101,0.013830927182031725,0.72,326626.0,0.142
18000.0,42.4688,0.5574,0.5092,0.0224,0.0245,857.518,0.455,10.281,0.011989252703733333,0.73,327325.0,0.1091
18000.0,44.167552,0.5796,0.4302,0.0162,0.0219,766.237,0.407,7.463,0.009739806352342683,0.73,328043.0,0.0755
18000.0,45.866304,0.6019,0.3169,0.0101,0.0193,673.954,0.358,4.656,0.0069084833683011005,0.73,328777.0,0.0423
18000.0,47.565056,0.6242,0.1528,0.0041,0.0166,581.132,0.308,1.867,0.0032126952224279513,0.73,329518.0,0.0125
19000.0,0.0,0.0,0.0,0.1461,0.0582,2396.942,1.205,74.767,0.031192661315960084,0.75,332690.0,0.7652
19000.0,1.7747488,0.0221,0.0542,0.1432,0.0583,2397.658,1.205,73.299,0.030571082281126004,0.75,332986.0,0.7425
19000.0,3.5494976,0.0441,0.1063,0.1402,0.0582,2395.064,1.204,71.745,0.02995535818667059,0.75,333300.0,0.7198
19000.0,5.3242464,0.0662,0.1562,0.137,0.058,2388.865,1.201,70.104,0.029346153926655547,0.75,333630.0,0.6971
19000.0,7.0989952,0.0882,0.204,0.1336,0.0578,2378.765,1.196,68.373,0.028743066254968443,0.75,333977.0,0.6743
19000.0,8.873744,0.1103,0.2497,0.13,0.0574,2364.437,1.188,66.548,0.028145389367532317,0.75,334341.0,0.6514
19000.0,10.6484928,0.1324,0.2933,0.1263,0.057,2345.527,1.179,64.624,0.027552017094665718,0.75,334723.0,0.6284
19000.0,12.4187712,0.1544,0.3349,0.1223,0.0564,2321.677,1.167,62.596,0.02696154546907257,0.75,335121.0,0.6052
19000.0,14.19352,0.1765,0.3744,0.1182,0.0557,2292.564,1.152,60.46,0.02637221905255426,0.75,335537.0,0.5818
19000.0,15.968268799999999,0.1985,0.4117,0.1138,0.0549,2257.973,1.135,58.213,0.02578108772779834,0.76,335970.0,0.5581
19000.0,17.743017599999998,0.2206,0.4469,0.1092,0.0539,2217.85,1.115,55.858,0.025185652771828573,0.76,336419.0,0.534
19000.0,19.5177664,0.2427,0.4798,0.1044,0.0528,2172.361,1.092,53.402,0.024582470408923748,0.76,336885.0,0.5096
19000.0,21.2925152,0.2647,0.5104,0.0994,0.0516,2121.791,1.066,50.858,0.023969373043810627,0.76,337369.0,0.4849
19000.0,23.067264,0.2868,0.5385,0.0943,0.0502,2066.358,1.039,48.234,0.023342518576161535,0.76,337869.0,0.4599
19000.0,24.8420128,0.3089,0.5639,0.089,0.0487,2006.195,1.008,45.536,0.02269769389316592,0.76,338388.0,0.4345
19000.0,26.6167616,0.3309,0.5864,0.0836,0.0472,1941.408,0.976,42.769,0.02202988758674117,0.76,338924.0,0.4087
19000.0,28.391510399999998,0.353,0.6056,0.078,0.0455,1872.077,0.941,39.936,0.021332455876547814,0.76,339478.0,0.3825
19000.0,30.166259200000002,0.375,0.6213,0.0724,0.0437,1798.298,0.904,37.04,0.020597253625372434,0.76,340050.0,0.3556
19000.0,31.941008,0.3971,0.6329,0.0666,0.0418,1720.196,0.865,34.086,0.019815183851142545,0.76,340640.0,0.3282
19000.0,33.7157568,0.4192,0.6397,0.0607,0.0398,1637.955,0.823,31.078,0.018973659227512357,0.76,341249.0,0.3001
19000.0,35.4905056,0.4412,0.6408,0.0548,0.0377,1551.874,0.78,28.023,0.01805752271125104,0.76,341877.0,0.2712
19000.0,37.260783999999994,0.4633,0.6354,0.0487,0.0355,1462.447,0.735,24.936,0.017050874322283135,0.76,342524.0,0.2416
19000.0,39.0355328,0.4853,0.6219,0.0427,0.0333,1370.253,0.689,21.829,0.01593063470760509,0.76,343191.0,0.2112
19000.0,40.8102816,0.5074,0.5983,0.0365,0.031,1275.703,0.641,18.703,0.014660935970206231,0.76,343879.0,0.1799
19000.0,42.5850304,0.5295,0.562,0.0304,0.0287,1179.253,0.593,15.561,0.013195641647721058,0.76,344586.0,0.1477
19000.0,44.3597792,0.5515,0.5091,0.0243,0.0263,1081.493,0.544,12.411,0.011475802432378203,0.77,345312.0,0.1147
19000.0,46.134528,0.5736,0.4345,0.0181,0.0239,983.115,0.494,9.258,0.009417006148822873,0.77,346057.0,0.0813
19000.0,47.9092768,0.5956,0.331,0.0119,0.0215,884.88,0.445,6.114,0.006909411445619745,0.77,346821.0,0.0485
19000.0,49.6840256,0.6177,0.1883,0.0058,0.0191,787.501,0.396,2.985,0.0037904713771792034,0.77,347596.0,0.0186
19000.0,51.458774399999996,0.6398,-0.0113,-0.0003,0.0168,689.528,0.347,-0.151,-0.00021899038182640878,0.77,348309.0,0.0
20000.0,0.0,0.0,0.0,0.1477,0.0593,2846.499,1.359,83.761,0.029425972044957685,0.79,350139.0,0.764
20000.0,1.8641568,0.022,0.0538,0.1449,0.0593,2846.532,1.359,82.13,0.02885265298264695,0.79,350453.0,0.7418
20000.0,3.7283136,0.044,0.1054,0.1418,0.0592,2842.676,1.357,80.404,0.02828461632630662,0.79,350785.0,0.7195
20000.0,5.588,0.066,0.155,0.1386,0.059,2834.585,1.353,78.579,0.02772151831749621,0.79,351134.0,0.6972
20000.0,7.452156800000001,0.088,0.2025,0.1352,0.0588,2821.901,1.347,76.653,0.027163603542434696,0.79,351501.0,0.6747
20000.0,9.316313599999999,0.11,0.2479,0.1316,0.0584,2804.317,1.339,74.622,0.0266096878491269,0.79,351886.0,0.6521
20000.0,11.1804704,0.132,0.2913,0.1278,0.0579,2781.384,1.328,72.48,0.026058969203820833,0.79,352289.0,0.6294
20000.0,13.044627199999999,0.1541,0.3327,0.1238,0.0573,2752.698,1.314,70.222,0.025510244857953904,0.79,352710.0,0.6065
20000.0,14.904313600000002,0.1761,0.3721,0.1197,0.0566,2717.9,1.298,67.842,0.02496118326649251,0.79,353149.0,0.5833
20000.0,16.768470399999998,0.1981,0.4093,0.1152,0.0558,2676.786,1.278,65.338,0.024409123478679278,0.79,353606.0,0.5598
20000.0,18.632627199999998,0.2201,0.4444,0.1106,0.0548,2629.327,1.255,62.712,0.02385097022926399,0.8,354080.0,0.5358
20000.0,20.496784,0.2421,0.4772,0.1058,0.0537,2575.756,1.23,59.972,0.023283261302701034,0.8,354572.0,0.5115
20000.0,22.3609408,0.2641,0.5076,0.1008,0.0524,2516.476,1.202,57.132,0.02270317698241509,0.8,355082.0,0.4868
20000.0,24.225097599999998,0.2861,0.5355,0.0956,0.0511,2451.834,1.171,54.202,0.02210671684950939,0.8,355609.0,0.4617
20000.0,26.084784,0.3081,0.5606,0.0903,0.0496,2382.096,1.137,51.19,0.02148947817384354,0.8,356156.0,0.4362
20000.0,27.948940800000003,0.3301,0.5826,0.0848,0.0481,2307.463,1.102,48.099,0.020844971295314374,0.8,356720.0,0.4101
20000.0,29.8130976,0.3521,0.6012,0.0792,0.0464,2228.12,1.064,44.935,0.020167226181713734,0.8,357303.0,0.3835
20000.0,31.6772544,0.3741,0.616,0.0735,0.0447,2144.295,1.024,41.699,0.0194464847420714,0.8,357905.0,0.3563
20000.0,33.5414112,0.3961,0.6263,0.0677,0.0428,2056.253,0.982,38.397,0.018673285826209127,0.8,358527.0,0.3283
20000.0,35.4010976,0.4181,0.6314,0.0618,0.0409,1964.355,0.938,35.034,0.017834861824873812,0.8,359167.0,0.2995
20000.0,37.265254399999996,0.4402,0.6304,0.0558,0.0389,1869.065,0.892,31.618,0.016916479630189427,0.8,359827.0,0.2699
20000.0,39.1294112,0.4622,0.6222,0.0497,0.0369,1771.096,0.846,28.164,0.015902017733651932,0.8,360508.0,0.2394
20000.0,40.993568,0.4842,0.6055,0.0435,0.0348,1671.292,0.798,24.685,0.014770010267505618,0.8,361209.0,0.2082
20000.0,42.8577248,0.5062,0.5781,0.0374,0.0327,1570.291,0.75,21.184,0.013490493163369083,0.8,361931.0,0.1762
20000.0,44.7174112,0.5282,0.5378,0.0312,0.0306,1468.77,0.701,17.664,0.012026389427888643,0.8,362673.0,0.1434
20000.0,46.581568,0.5502,0.4814,0.0249,0.0285,1367.554,0.653,14.132,0.010333778410212685,0.81,363436.0,0.1102
20000.0,48.4457248,0.5722,0.405,0.0187,0.0264,1267.573,0.605,10.596,0.008359281871734408,0.81,364218.0,0.0772
20000.0,50.309881600000004,0.5942,0.3039,0.0125,0.0244,1169.812,0.559,7.067,0.006041141653530653,0.81,365019.0,0.0456
20000.0,52.17403839999999,0.6162,0.1725,0.0063,0.0224,1075.135,0.513,3.555,0.0033065615015788717,0.81,365834.0,0.0177
20000.0,54.0381952,0.6382,0.0026,0.0001,0.0205,982.198,0.469,0.047,4.7851858790182834e-05,0.81,366612.0,0.0
21000.0,0.0,0.0,0.0,0.1495,0.0607,3374.96,1.535,93.476,0.027696920852395286,0.83,367574.0,0.7597
21000.0,1.9580351999999999,0.022,0.0533,0.1466,0.0607,3371.915,1.533,91.669,0.02718603523517052,0.83,367907.0,0.7384
21000.0,3.9160703999999997,0.0441,0.1045,0.1436,0.0605,3364.458,1.53,89.753,0.026676807973230753,0.83,368258.0,0.717
21000.0,5.878576,0.0661,0.1538,0.1403,0.0603,3352.199,1.524,87.726,0.02616968742010841,0.83,368628.0,0.6954
21000.0,7.8366112,0.0882,0.2011,0.1369,0.06,3334.735,1.516,85.584,0.02566440811638706,0.83,369017.0,0.6736
21000.0,9.7946464,0.1102,0.2464,0.1333,0.0596,3311.942,1.506,83.323,0.025158351203010194,0.83,369425.0,0.6515
21000.0,11.752681599999999,0.1322,0.2897,0.1295,0.0591,3283.993,1.493,80.937,0.024645911242807156,0.83,369852.0,0.629
21000.0,13.715187199999999,0.1543,0.3309,0.1254,0.0585,3249.83,1.478,78.42,0.02413049297963278,0.83,370299.0,0.6062
21000.0,15.6732224,0.1763,0.3701,0.1212,0.0577,3208.865,1.459,75.767,0.023611775503176356,0.83,370764.0,0.5831
21000.0,17.631257599999998,0.1983,0.4071,0.1167,0.0569,3160.727,1.437,72.973,0.023087409953469567,0.83,371247.0,0.5595
21000.0,19.5892928,0.2204,0.4418,0.112,0.0559,3105.681,1.412,70.04,0.022552219625904917,0.84,371750.0,0.5355
21000.0,21.5517984,0.2424,0.4742,0.1071,0.0548,3043.89,1.384,66.979,0.022004408832119425,0.84,372270.0,0.5109
21000.0,23.5098336,0.2645,0.504,0.1021,0.0536,2975.961,1.353,63.805,0.021440133120024088,0.84,372810.0,0.4859
21000.0,25.467868799999998,0.2865,0.5311,0.0968,0.0522,2902.431,1.32,60.529,0.02085458706856425,0.84,373368.0,0.4603
21000.0,27.425904,0.3085,0.5552,0.0914,0.0508,2823.734,1.284,57.161,0.020243054055374906,0.84,373946.0,0.4342
21000.0,29.388409599999996,0.3306,0.5759,0.0859,0.0493,2740.4,1.246,53.705,0.019597504014012553,0.84,374542.0,0.4074
21000.0,31.3464448,0.3526,0.5928,0.0802,0.0477,2652.656,1.206,50.165,0.018911234626728834,0.84,375159.0,0.38
21000.0,33.30448,0.3746,0.6053,0.0745,0.0461,2560.928,1.165,46.545,0.018175052168588886,0.84,375795.0,0.3518
21000.0,35.262515199999996,0.3967,0.6128,0.0685,0.0444,2465.693,1.121,42.85,0.017378481424897584,0.84,376451.0,0.3227
21000.0,37.225020799999996,0.4187,0.6145,0.0625,0.0426,2367.565,1.077,39.087,0.016509367219062623,0.84,377127.0,0.2928
21000.0,39.183056,0.4408,0.6094,0.0564,0.0408,2267.302,1.031,35.264,0.015553287563809321,0.84,377824.0,0.262
21000.0,41.1410912,0.4628,0.5964,0.0502,0.039,2165.884,0.985,31.397,0.01449615953578308,0.84,378541.0,0.2304
21000.0,43.099126399999996,0.4848,0.5742,0.044,0.0371,2064.467,0.939,27.504,0.013322567035462422,0.84,379281.0,0.1982
21000.0,45.061631999999996,0.5069,0.5411,0.0377,0.0353,1963.965,0.893,23.586,0.012009378985878057,0.84,380042.0,0.1655
21000.0,47.0196672,0.5289,0.4953,0.0314,0.0336,1865.283,0.848,19.648,0.010533522259088835,0.84,380824.0,0.1325
21000.0,48.9777024,0.5509,0.4345,0.0251,0.0318,1769.477,0.805,15.698,0.008871547920656782,0.85,381628.0,0.0997
21000.0,50.935737599999996,0.573,0.3567,0.0188,0.0302,1677.643,0.763,11.748,0.0070026817386058884,0.85,382453.0,0.0681
21000.0,52.898243199999996,0.595,0.2597,0.0125,0.0286,1590.833,0.723,7.811,0.004910006267156892,0.85,383297.0,0.0389
21000.0,54.856278399999994,0.6171,0.1417,0.0062,0.0272,1509.77,0.687,3.901,0.0025838372732270476,0.85,384156.0,0.0145
21000.0,56.8143136,0.6391,0.0003,0.0,0.0258,1431.896,0.651,0.008,5.586997938397761e-06,0.85,384987.0,0.0
22000.0,0.0,0.0,0.0,0.1515,0.063,4024.649,1.747,103.972,0.025833805631248836,0.87,384990.0,0.7473
22000.0,2.0608544,0.0221,0.0524,0.1486,0.0628,4013.547,1.742,101.977,0.025408198782772447,0.87,385343.0,0.7279
22000.0,4.1261792,0.0443,0.103,0.1455,0.0626,3997.374,1.735,99.855,0.024980149468125826,0.87,385716.0,0.7082
22000.0,6.1870335999999995,0.0664,0.1519,0.1423,0.0622,3975.792,1.726,97.608,0.02455058011083075,0.87,386110.0,0.6881
22000.0,8.247888,0.0886,0.1989,0.1388,0.0618,3948.388,1.714,95.229,0.024118450365060374,0.87,386523.0,0.6677
22000.0,10.3087424,0.1107,0.2442,0.1351,0.0613,3914.701,1.699,92.714,0.023683545690973588,0.87,386957.0,0.647
22000.0,12.374067199999999,0.1328,0.2875,0.1313,0.0607,3875.787,1.682,90.058,0.023236055025727682,0.87,387411.0,0.6256
22000.0,14.4349216,0.155,0.3286,0.1272,0.06,3833.146,1.664,87.252,0.022762503698006805,0.87,387885.0,0.6032
22000.0,16.495776,0.1771,0.3674,0.1229,0.0592,3784.333,1.643,84.29,0.02227340987169998,0.87,388379.0,0.5801
22000.0,18.5566304,0.1993,0.404,0.1183,0.0584,3729.073,1.619,81.17,0.02176680370698026,0.87,388893.0,0.5564
22000.0,20.621955200000002,0.2214,0.438,0.1135,0.0574,3666.772,1.592,77.891,0.02124238976407587,0.87,389426.0,0.5319
22000.0,22.6828096,0.2435,0.4695,0.1085,0.0563,3597.883,1.562,74.465,0.02069689314521901,0.88,389979.0,0.5067
22000.0,24.743664,0.2657,0.4981,0.1034,0.0551,3522.796,1.529,70.912,0.020129465345140624,0.88,390552.0,0.4809
22000.0,26.8045184,0.2878,0.5237,0.098,0.0539,3442.34,1.494,67.245,0.01953467699297571,0.88,391144.0,0.4545
22000.0,28.8698432,0.31,0.5458,0.0925,0.0525,3357.226,1.457,63.473,0.018906382829157166,0.88,391757.0,0.4273
22000.0,30.9306976,0.3321,0.5641,0.0869,0.0511,3268.215,1.419,59.603,0.018237172279057526,0.88,392390.0,0.3994
22000.0,32.991552,0.3543,0.578,0.0811,0.0497,3176.136,1.379,55.639,0.017517826692559767,0.88,393043.0,0.3707
22000.0,35.0568768,0.3764,0.5869,0.0752,0.0482,3081.367,1.337,51.585,0.016740946469537707,0.88,393717.0,0.3411
22000.0,37.1177312,0.3985,0.5901,0.0692,0.0467,2984.687,1.296,47.448,0.01589714432367615,0.88,394412.0,0.3107
22000.0,39.1785856,0.4207,0.5867,0.063,0.0452,2886.992,1.253,43.236,0.014976141257059249,0.88,395128.0,0.2794
22000.0,41.23944,0.4428,0.576,0.0568,0.0437,2789.498,1.211,38.959,0.013966312218184061,0.88,395866.0,0.2473
22000.0,43.3047648,0.465,0.5569,0.0505,0.0422,2693.472,1.169,34.638,0.012859981466300744,0.88,396625.0,0.2147
22000.0,45.3656192,0.4871,0.5284,0.0442,0.0407,2600.319,1.129,30.291,0.011648955378167064,0.88,397407.0,0.1819
22000.0,47.4264736,0.5092,0.4896,0.0378,0.0393,2511.087,1.09,25.923,0.01032341770715232,0.88,398212.0,0.1491
22000.0,49.487328,0.5314,0.4393,0.0314,0.038,2426.786,1.053,21.542,0.00887676128014584,0.89,399039.0,0.1169
22000.0,51.5526528,0.5535,0.3768,0.025,0.0368,2348.33,1.019,17.163,0.007308598024979454,0.89,399889.0,0.0859
22000.0,53.6135072,0.5757,0.3015,0.0187,0.0356,2276.508,0.988,12.803,0.005623964422703545,0.89,400760.0,0.0571
22000.0,55.674361600000005,0.5978,0.2136,0.0124,0.0346,2211.791,0.96,8.485,0.003836257584916477,0.89,401651.0,0.0317
22000.0,57.735216,0.6199,0.1132,0.0062,0.0337,2153.997,0.935,4.225,0.0019614697699207565,0.89,402560.0,0.0114
22000.0,59.8005408,0.6421,0.0001,0.0,0.0328,2098.357,0.911,0.004,1.9062533210507079e-06,0.89,403455.0,0.0
23000.0,0.0,0.0,0.0,0.1538,0.0667,4867.877,2.021,115.303,0.023686506458564995,0.91,402383.0,0.7216
23000.0,2.2396704,0.023,0.0523,0.1507,0.0663,4839.448,2.009,113.036,0.023357209334618326,0.91,402770.0,0.7045
23000.0,4.4838112,0.046,0.1032,0.1475,0.0658,4804.713,1.995,110.616,0.02302239488602129,0.91,403181.0,0.6869
23000.0,6.7234815999999995,0.069,0.1525,0.1441,0.0652,4763.267,1.978,108.04,0.02268191138560992,0.91,403615.0,0.6689
23000.0,8.963152000000001,0.0921,0.2002,0.1404,0.0646,4714.729,1.957,105.303,0.022334899842599648,0.91,404072.0,0.6502
23000.0,11.202822399999999,0.1151,0.2463,0.1366,0.0638,4658.663,1.934,102.399,0.021980340711487398,0.91,404552.0,0.631
23000.0,13.446963199999999,0.1381,0.2907,0.1325,0.0629,4594.554,1.908,99.323,0.02161754982094018,0.91,405055.0,0.6112
23000.0,15.6866336,0.1611,0.3327,0.1281,0.062,4528.978,1.88,96.062,0.02121052475856584,0.91,405581.0,0.5898
23000.0,17.926304000000002,0.1841,0.3721,0.1235,0.0611,4461.819,1.852,92.609,0.020755884539466973,0.91,406129.0,0.5667
23000.0,20.1659744,0.2071,0.4085,0.1186,0.0602,4391.658,1.823,88.961,0.020256814169045036,0.91,406700.0,0.542
23000.0,22.4101152,0.2301,0.4416,0.1135,0.0592,4319.419,1.793,85.122,0.01970681705108951,0.91,407292.0,0.5158
23000.0,24.6497856,0.2532,0.4714,0.1082,0.0581,4241.793,1.761,81.114,0.01912257387383119,0.92,407906.0,0.4886
23000.0,26.889456,0.2762,0.4976,0.1026,0.057,4158.993,1.727,76.958,0.018503998443854076,0.92,408543.0,0.4605
23000.0,29.1335968,0.2992,0.5199,0.0969,0.0558,4071.892,1.691,72.668,0.01784624936024826,0.92,409202.0,0.4316
23000.0,31.3732672,0.3222,0.5378,0.091,0.0545,3981.677,1.653,68.258,0.01714302792516821,0.92,409883.0,0.4018
23000.0,33.612937599999995,0.3452,0.5508,0.085,0.0533,3889.502,1.615,63.734,0.01638615946205967,0.92,410588.0,0.3711
23000.0,35.852608000000004,0.3682,0.5581,0.0788,0.052,3797.287,1.577,59.103,0.01556453331022912,0.92,411315.0,0.3395
23000.0,38.0967488,0.3913,0.559,0.0725,0.0508,3705.335,1.538,54.373,0.01467424672802864,0.92,412065.0,0.307
23000.0,40.3364192,0.4143,0.5529,0.0661,0.0495,3614.841,1.501,49.553,0.013708210125977878,0.92,412839.0,0.2738
23000.0,42.576089599999996,0.4373,0.5391,0.0596,0.0483,3527.174,1.464,44.659,0.012661411090011437,0.92,413636.0,0.24
23000.0,44.81576,0.4603,0.5168,0.053,0.0472,3444.12,1.43,39.717,0.011531828159297585,0.92,414458.0,0.2062
23000.0,47.059900799999994,0.4833,0.4857,0.0464,0.0461,3367.252,1.398,34.757,0.010322066777300897,0.92,415305.0,0.1726
23000.0,49.2995712,0.5063,0.4455,0.0397,0.0452,3297.241,1.369,29.798,0.009037252660633542,0.92,416176.0,0.14
23000.0,51.539241600000004,0.5293,0.3961,0.0331,0.0443,3234.478,1.343,24.856,0.007684702137408263,0.93,417072.0,0.1087
23000.0,53.7833824,0.5524,0.3375,0.0266,0.0435,3179.388,1.32,19.952,0.006275421559117668,0.93,417992.0,0.0795
23000.0,56.023052799999995,0.5754,0.2701,0.0201,0.0429,3132.558,1.301,15.102,0.004820980170199563,0.93,418937.0,0.0532
23000.0,58.2627232,0.5984,0.1944,0.0138,0.0424,3094.468,1.285,10.323,0.003335953062044914,0.93,419906.0,0.0304
23000.0,60.5023936,0.6214,0.111,0.0075,0.042,3064.764,1.272,5.622,0.0018343989945065915,0.93,420901.0,0.0123
23000.0,62.7465344,0.6444,0.0201,0.0013,0.0416,3038.001,1.261,0.971,0.0003196180646418483,0.93,421917.0,0.0009
